Model,TBS1102C
Firmware Version,v2015-08-04-prequal4ch70_v1.3

Point Format,Y,
Horizontal Units,S,
Horizontal Scale,1e-05,
Sample Interval,8e-08,
Filter Frequency,2e+08,
Record Length,2000,
Gating,0.0% to 100.0%,0.0% to 100.0%
Probe Attenuation,1,1
Vertical Units,V,V
Vertical Offset,0,0
Vertical Scale,1,0.01
Label,,
TIME,CH1,CH2
1.4400e-04,2.04,0.0296
1.4408e-04,2,0.03
1.4416e-04,2.04,0.03
1.4424e-04,2,0.0296
1.4432e-04,2.04,0.0292
1.4440e-04,2,0.0296
1.4448e-04,2,0.0292
1.4456e-04,2,0.0296
1.4464e-04,2,0.0296
1.4472e-04,1.96,0.0296
1.4480e-04,1.96,0.0288
1.4488e-04,1.96,0.0292
1.4496e-04,1.92,0.0284
1.4504e-04,1.96,0.0296
1.4512e-04,1.92,0.03
1.4520e-04,1.88,0.0292
1.4528e-04,1.92,0.0288
1.4536e-04,1.92,0.0288
1.4544e-04,1.88,0.0292
1.4552e-04,1.88,0.0288
1.4560e-04,1.88,0.0296
1.4568e-04,1.88,0.0296
1.4576e-04,1.88,0.0284
1.4584e-04,1.84,0.0288
1.4592e-04,1.84,0.0284
1.4600e-04,1.84,0.0292
1.4608e-04,1.84,0.0288
1.4616e-04,1.84,0.0292
1.4624e-04,1.8,0.0288
1.4632e-04,1.76,0.0284
1.4640e-04,1.76,0.0276
1.4648e-04,1.76,0.028
1.4656e-04,1.76,0.0284
1.4664e-04,1.76,0.0284
1.4672e-04,1.76,0.0276
1.4680e-04,1.72,0.028
1.4688e-04,1.72,0.0276
1.4696e-04,1.72,0.0276
1.4704e-04,1.72,0.028
1.4712e-04,1.68,0.0276
1.4720e-04,1.68,0.0276
1.4728e-04,1.68,0.0276
1.4736e-04,1.64,0.0272
1.4744e-04,1.64,0.0268
1.4752e-04,1.64,0.0264
1.4760e-04,1.6,0.0276
1.4768e-04,1.6,0.0272
1.4776e-04,1.6,0.0264
1.4784e-04,1.6,0.0264
1.4792e-04,1.56,0.0256
1.4800e-04,1.56,0.026
1.4808e-04,1.52,0.026
1.4816e-04,1.52,0.0264
1.4824e-04,1.52,0.026
1.4832e-04,1.52,0.0256
1.4840e-04,1.52,0.0248
1.4848e-04,1.48,0.0252
1.4856e-04,1.44,0.0248
1.4864e-04,1.48,0.0248
1.4872e-04,1.44,0.0244
1.4880e-04,1.44,0.0244
1.4888e-04,1.4,0.0244
1.4896e-04,1.4,0.0244
1.4904e-04,1.4,0.0252
1.4912e-04,1.36,0.0248
1.4920e-04,1.36,0.0244
1.4928e-04,1.36,0.0236
1.4936e-04,1.36,0.0228
1.4944e-04,1.32,0.0232
1.4952e-04,1.32,0.0232
1.4960e-04,1.28,0.0236
1.4968e-04,1.28,0.0236
1.4976e-04,1.28,0.0232
1.4984e-04,1.28,0.0228
1.4992e-04,1.24,0.0228
1.5000e-04,1.24,0.0228
1.5008e-04,1.2,0.022
1.5016e-04,1.2,0.0228
1.5024e-04,1.16,0.0228
1.5032e-04,1.16,0.022
1.5040e-04,1.12,0.022
1.5048e-04,1.12,0.0224
1.5056e-04,1.12,0.0224
1.5064e-04,1.08,0.022
1.5072e-04,1.08,0.022
1.5080e-04,1.04,0.022
1.5088e-04,1.04,0.0216
1.5096e-04,1,0.0216
1.5104e-04,1,0.0212
1.5112e-04,1,0.0216
1.5120e-04,1,0.0212
1.5128e-04,0.96,0.0208
1.5136e-04,0.96,0.0204
1.5144e-04,0.92,0.0204
1.5152e-04,0.96,0.0204
1.5160e-04,0.88,0.0216
1.5168e-04,0.92,0.0216
1.5176e-04,0.92,0.0204
1.5184e-04,0.84,0.0204
1.5192e-04,0.84,0.02
1.5200e-04,0.84,0.0196
1.5208e-04,0.84,0.0196
1.5216e-04,0.8,0.0204
1.5224e-04,0.8,0.0204
1.5232e-04,0.8,0.02
1.5240e-04,0.76,0.0204
1.5248e-04,0.72,0.02
1.5256e-04,0.76,0.02
1.5264e-04,0.68,0.02
1.5272e-04,0.72,0.02
1.5280e-04,0.68,0.0196
1.5288e-04,0.68,0.0192
1.5296e-04,0.64,0.0192
1.5304e-04,0.6,0.0196
1.5312e-04,0.6,0.0196
1.5320e-04,0.56,0.0204
1.5328e-04,0.6,0.02
1.5336e-04,0.56,0.0188
1.5344e-04,0.52,0.0192
1.5352e-04,0.52,0.0192
1.5360e-04,0.52,0.0196
1.5368e-04,0.48,0.0192
1.5376e-04,0.48,0.0188
1.5384e-04,0.48,0.0188
1.5392e-04,0.44,0.0196
1.5400e-04,0.44,0.0192
1.5408e-04,0.4,0.0196
1.5416e-04,0.36,0.0192
1.5424e-04,0.36,0.0192
1.5432e-04,0.36,0.0188
1.5440e-04,0.32,0.0184
1.5448e-04,0.32,0.0184
1.5456e-04,0.28,0.0192
1.5464e-04,0.28,0.0192
1.5472e-04,0.28,0.0188
1.5480e-04,0.24,0.0184
1.5488e-04,0.2,0.0184
1.5496e-04,0.2,0.018
1.5504e-04,0.2,0.0188
1.5512e-04,0.16,0.0188
1.5520e-04,0.16,0.018
1.5528e-04,0.12,0.0184
1.5536e-04,0.16,0.018
1.5544e-04,0.08,0.0176
1.5552e-04,0.12,0.018
1.5560e-04,0.08,0.0184
1.5568e-04,0.04,0.0188
1.5576e-04,0.04,0.018
1.5584e-04,0,0.018
1.5592e-04,0,0.0172
1.5600e-04,0,0.018
1.5608e-04,-0.04,0.018
1.5616e-04,-0.04,0.0188
1.5624e-04,-0.04,0.0184
1.5632e-04,-0.08,0.0168
1.5640e-04,-0.08,0.0172
1.5648e-04,-0.12,0.0172
1.5656e-04,-0.12,0.0176
1.5664e-04,-0.16,0.0172
1.5672e-04,-0.16,0.0172
1.5680e-04,-0.2,0.0168
1.5688e-04,-0.24,0.0176
1.5696e-04,-0.24,0.018
1.5704e-04,-0.24,0.018
1.5712e-04,-0.24,0.018
1.5720e-04,-0.28,0.0176
1.5728e-04,-0.28,0.0168
1.5736e-04,-0.28,0.0176
1.5744e-04,-0.32,0.0172
1.5752e-04,-0.32,0.0168
1.5760e-04,-0.36,0.0176
1.5768e-04,-0.36,0.0172
1.5776e-04,-0.4,0.0164
1.5784e-04,-0.4,0.0168
1.5792e-04,-0.4,0.0164
1.5800e-04,-0.44,0.0172
1.5808e-04,-0.44,0.0168
1.5816e-04,-0.48,0.0172
1.5824e-04,-0.48,0.0168
1.5832e-04,-0.52,0.0164
1.5840e-04,-0.52,0.016
1.5848e-04,-0.52,0.0168
1.5856e-04,-0.56,0.0172
1.5864e-04,-0.56,0.0168
1.5872e-04,-0.6,0.0164
1.5880e-04,-0.6,0.0164
1.5888e-04,-0.64,0.0164
1.5896e-04,-0.64,0.0164
1.5904e-04,-0.64,0.0164
1.5912e-04,-0.68,0.0164
1.5920e-04,-0.68,0.016
1.5928e-04,-0.72,0.016
1.5936e-04,-0.72,0.0164
1.5944e-04,-0.72,0.016
1.5952e-04,-0.76,0.016
1.5960e-04,-0.76,0.0164
1.5968e-04,-0.8,0.0164
1.5976e-04,-0.8,0.0156
1.5984e-04,-0.84,0.0156
1.5992e-04,-0.84,0.0156
1.6000e-04,-0.84,0.0164
1.6008e-04,-0.88,0.0164
1.6016e-04,-0.88,0.016
1.6024e-04,-0.92,0.0164
1.6032e-04,-0.92,0.016
1.6040e-04,-0.92,0.0156
1.6048e-04,-0.96,0.0164
1.6056e-04,-0.96,0.016
1.6064e-04,-0.96,0.0168
1.6072e-04,-1,0.0168
1.6080e-04,-1,0.016
1.6088e-04,-1.04,0.0156
1.6096e-04,-1.04,0.016
1.6104e-04,-1.04,0.016
1.6112e-04,-1.04,0.016
1.6120e-04,-1.08,0.016
1.6128e-04,-1.08,0.0152
1.6136e-04,-1.08,0.0148
1.6144e-04,-1.12,0.016
1.6152e-04,-1.12,0.0156
1.6160e-04,-1.16,0.016
1.6168e-04,-1.16,0.0164
1.6176e-04,-1.16,0.0164
1.6184e-04,-1.2,0.0156
1.6192e-04,-1.2,0.0152
1.6200e-04,-1.24,0.0156
1.6208e-04,-1.24,0.0156
1.6216e-04,-1.24,0.016
1.6224e-04,-1.28,0.0164
1.6232e-04,-1.28,0.0156
1.6240e-04,-1.28,0.0156
1.6248e-04,-1.32,0.016
1.6256e-04,-1.32,0.0168
1.6264e-04,-1.36,0.0164
1.6272e-04,-1.36,0.0156
1.6280e-04,-1.36,0.016
1.6288e-04,-1.4,0.0156
1.6296e-04,-1.4,0.016
1.6304e-04,-1.4,0.016
1.6312e-04,-1.4,0.0168
1.6320e-04,-1.4,0.0164
1.6328e-04,-1.44,0.0156
1.6336e-04,-1.44,0.0164
1.6344e-04,-1.48,0.0164
1.6352e-04,-1.48,0.0168
1.6360e-04,-1.52,0.0172
1.6368e-04,-1.48,0.0176
1.6376e-04,-1.52,0.0164
1.6384e-04,-1.52,0.0164
1.6392e-04,-1.52,0.0164
1.6400e-04,-1.56,0.0172
1.6408e-04,-1.56,0.0176
1.6416e-04,-1.56,0.018
1.6424e-04,-1.6,0.0172
1.6432e-04,-1.6,0.0172
1.6440e-04,-1.6,0.0172
1.6448e-04,-1.6,0.0176
1.6456e-04,-1.64,0.0176
1.6464e-04,-1.64,0.0184
1.6472e-04,-1.64,0.0184
1.6480e-04,-1.68,0.0176
1.6488e-04,-1.68,0.0176
1.6496e-04,-1.68,0.018
1.6504e-04,-1.68,0.0188
1.6512e-04,-1.72,0.0184
1.6520e-04,-1.72,0.0188
1.6528e-04,-1.72,0.0184
1.6536e-04,-1.72,0.018
1.6544e-04,-1.76,0.0184
1.6552e-04,-1.76,0.0192
1.6560e-04,-1.76,0.0196
1.6568e-04,-1.76,0.0196
1.6576e-04,-1.76,0.0196
1.6584e-04,-1.84,0.0188
1.6592e-04,-1.8,0.0184
1.6600e-04,-1.84,0.0196
1.6608e-04,-1.8,0.0196
1.6616e-04,-1.8,0.0192
1.6624e-04,-1.84,0.0196
1.6632e-04,-1.84,0.0192
1.6640e-04,-1.84,0.0192
1.6648e-04,-1.88,0.0192
1.6656e-04,-1.88,0.02
1.6664e-04,-1.88,0.0196
1.6672e-04,-1.92,0.0196
1.6680e-04,-1.88,0.0196
1.6688e-04,-1.92,0.0196
1.6696e-04,-1.92,0.0196
1.6704e-04,-1.92,0.02
1.6712e-04,-1.92,0.0204
1.6720e-04,-1.92,0.02
1.6728e-04,-1.96,0.0196
1.6736e-04,-1.96,0.0196
1.6744e-04,-1.96,0.02
1.6752e-04,-2,0.0192
1.6760e-04,-1.96,0.0204
1.6768e-04,-1.96,0.02
1.6776e-04,-2,0.0204
1.6784e-04,-2,0.0192
1.6792e-04,-2,0.0196
1.6800e-04,-2,0.0196
1.6808e-04,-2,0.0196
1.6816e-04,-2.04,0.0196
1.6824e-04,-2,0.0196
1.6832e-04,-2,0.0192
1.6840e-04,-2,0.0184
1.6848e-04,-2.04,0.0192
1.6856e-04,-2.04,0.0192
1.6864e-04,-2.04,0.0188
1.6872e-04,-2.04,0.0192
1.6880e-04,-2.04,0.0184
1.6888e-04,-2.08,0.0184
1.6896e-04,-2.04,0.0184
1.6904e-04,-2.08,0.0192
1.6912e-04,-2.04,0.0188
1.6920e-04,-2.08,0.0192
1.6928e-04,-2.08,0.0184
1.6936e-04,-2.08,0.0176
1.6944e-04,-2.08,0.0176
1.6952e-04,-2.08,0.018
1.6960e-04,-2.08,0.018
1.6968e-04,-2.08,0.018
1.6976e-04,-2.08,0.018
1.6984e-04,-2.12,0.0176
1.6992e-04,-2.12,0.0172
1.7000e-04,-2.12,0.0172
1.7008e-04,-2.12,0.0172
1.7016e-04,-2.12,0.0172
1.7024e-04,-2.12,0.0172
1.7032e-04,-2.12,0.0172
1.7040e-04,-2.12,0.0168
1.7048e-04,-2.12,0.0168
1.7056e-04,-2.12,0.0176
1.7064e-04,-2.12,0.0176
1.7072e-04,-2.12,0.0172
1.7080e-04,-2.12,0.0176
1.7088e-04,-2.12,0.0172
1.7096e-04,-2.12,0.0168
1.7104e-04,-2.16,0.0176
1.7112e-04,-2.12,0.0172
1.7120e-04,-2.12,0.0176
1.7128e-04,-2.16,0.0144
1.7136e-04,-2.12,0.0144
1.7144e-04,-2.16,0.0156
1.7152e-04,-2.12,0.0168
1.7160e-04,-2.12,0.0196
1.7168e-04,-2.12,0.0224
1.7176e-04,-2.12,0.0252
1.7184e-04,-2.12,0.0252
1.7192e-04,-2.12,0.0244
1.7200e-04,-2.12,0.0248
1.7208e-04,-2.12,0.026
1.7216e-04,-2.12,0.0272
1.7224e-04,-2.12,0.028
1.7232e-04,-2.12,0.028
1.7240e-04,-2.12,0.0272
1.7248e-04,-2.12,0.0276
1.7256e-04,-2.12,0.0284
1.7264e-04,-2.12,0.0292
1.7272e-04,-2.12,0.0292
1.7280e-04,-2.12,0.0288
1.7288e-04,-2.12,0.0284
1.7296e-04,-2.08,0.0288
1.7304e-04,-2.12,0.0296
1.7312e-04,-2.12,0.03
1.7320e-04,-2.08,0.0308
1.7328e-04,-2.08,0.0304
1.7336e-04,-2.08,0.03
1.7344e-04,-2.08,0.0296
1.7352e-04,-2.08,0.0308
1.7360e-04,-2.04,0.03
1.7368e-04,-2.04,0.0304
1.7376e-04,-2.08,0.0308
1.7384e-04,-2.04,0.0312
1.7392e-04,-2.04,0.0304
1.7400e-04,-2.04,0.0308
1.7408e-04,-2.04,0.0308
1.7416e-04,-2.04,0.0304
1.7424e-04,-2.04,0.0304
1.7432e-04,-2.04,0.0304
1.7440e-04,-2.04,0.03
1.7448e-04,-2,0.0296
1.7456e-04,-2,0.0304
1.7464e-04,-2,0.0308
1.7472e-04,-2,0.03
1.7480e-04,-2,0.0296
1.7488e-04,-2,0.0288
1.7496e-04,-1.96,0.0292
1.7504e-04,-1.96,0.0296
1.7512e-04,-1.96,0.0296
1.7520e-04,-1.96,0.03
1.7528e-04,-1.96,0.03
1.7536e-04,-1.96,0.0288
1.7544e-04,-1.96,0.0288
1.7552e-04,-1.92,0.0284
1.7560e-04,-1.92,0.0296
1.7568e-04,-1.88,0.0288
1.7576e-04,-1.92,0.0296
1.7584e-04,-1.92,0.0288
1.7592e-04,-1.92,0.028
1.7600e-04,-1.88,0.0284
1.7608e-04,-1.88,0.0284
1.7616e-04,-1.88,0.0284
1.7624e-04,-1.84,0.028
1.7632e-04,-1.84,0.0288
1.7640e-04,-1.84,0.0288
1.7648e-04,-1.84,0.0288
1.7656e-04,-1.84,0.0284
1.7664e-04,-1.8,0.0284
1.7672e-04,-1.8,0.0284
1.7680e-04,-1.8,0.0284
1.7688e-04,-1.8,0.0284
1.7696e-04,-1.76,0.0288
1.7704e-04,-1.76,0.0284
1.7712e-04,-1.76,0.0288
1.7720e-04,-1.76,0.0288
1.7728e-04,-1.72,0.0284
1.7736e-04,-1.72,0.028
1.7744e-04,-1.72,0.0284
1.7752e-04,-1.72,0.0288
1.7760e-04,-1.68,0.0288
1.7768e-04,-1.68,0.0284
1.7776e-04,-1.68,0.0292
1.7784e-04,-1.68,0.0284
1.7792e-04,-1.64,0.0284
1.7800e-04,-1.64,0.0292
1.7808e-04,-1.64,0.0288
1.7816e-04,-1.6,0.0288
1.7824e-04,-1.64,0.0296
1.7832e-04,-1.6,0.0288
1.7840e-04,-1.56,0.0292
1.7848e-04,-1.56,0.0292
1.7856e-04,-1.56,0.0296
1.7864e-04,-1.56,0.0296
1.7872e-04,-1.56,0.0296
1.7880e-04,-1.52,0.0296
1.7888e-04,-1.52,0.0296
1.7896e-04,-1.52,0.0292
1.7904e-04,-1.52,0.0308
1.7912e-04,-1.48,0.0304
1.7920e-04,-1.48,0.0308
1.7928e-04,-1.48,0.0304
1.7936e-04,-1.44,0.03
1.7944e-04,-1.44,0.0308
1.7952e-04,-1.4,0.0308
1.7960e-04,-1.4,0.0312
1.7968e-04,-1.4,0.0304
1.7976e-04,-1.36,0.0308
1.7984e-04,-1.36,0.0312
1.7992e-04,-1.36,0.0316
1.8000e-04,-1.36,0.0316
1.8008e-04,-1.32,0.0324
1.8016e-04,-1.32,0.0316
1.8024e-04,-1.28,0.0316
1.8032e-04,-1.28,0.032
1.8040e-04,-1.28,0.0324
1.8048e-04,-1.24,0.0316
1.8056e-04,-1.24,0.0324
1.8064e-04,-1.24,0.0328
1.8072e-04,-1.24,0.0328
1.8080e-04,-1.2,0.0328
1.8088e-04,-1.2,0.032
1.8096e-04,-1.2,0.0324
1.8104e-04,-1.16,0.0332
1.8112e-04,-1.16,0.0332
1.8120e-04,-1.12,0.0332
1.8128e-04,-1.12,0.0328
1.8136e-04,-1.12,0.0328
1.8144e-04,-1.08,0.0336
1.8152e-04,-1.08,0.0332
1.8160e-04,-1.08,0.034
1.8168e-04,-1.04,0.0344
1.8176e-04,-1.04,0.0344
1.8184e-04,-1,0.0336
1.8192e-04,-1,0.034
1.8200e-04,-1,0.0336
1.8208e-04,-1,0.0344
1.8216e-04,-0.96,0.0344
1.8224e-04,-0.96,0.0344
1.8232e-04,-0.92,0.0344
1.8240e-04,-0.92,0.034
1.8248e-04,-0.88,0.0336
1.8256e-04,-0.88,0.034
1.8264e-04,-0.84,0.0344
1.8272e-04,-0.84,0.0344
1.8280e-04,-0.84,0.0344
1.8288e-04,-0.84,0.0344
1.8296e-04,-0.8,0.0348
1.8304e-04,-0.76,0.0348
1.8312e-04,-0.8,0.0356
1.8320e-04,-0.76,0.036
1.8328e-04,-0.72,0.0352
1.8336e-04,-0.72,0.0352
1.8344e-04,-0.72,0.0348
1.8352e-04,-0.68,0.0348
1.8360e-04,-0.68,0.0356
1.8368e-04,-0.64,0.0356
1.8376e-04,-0.64,0.0356
1.8384e-04,-0.64,0.0356
1.8392e-04,-0.6,0.0348
1.8400e-04,-0.6,0.0352
1.8408e-04,-0.56,0.036
1.8416e-04,-0.56,0.0356
1.8424e-04,-0.52,0.0352
1.8432e-04,-0.52,0.0348
1.8440e-04,-0.52,0.0348
1.8448e-04,-0.48,0.0348
1.8456e-04,-0.48,0.0356
1.8464e-04,-0.44,0.0368
1.8472e-04,-0.44,0.0368
1.8480e-04,-0.4,0.0356
1.8488e-04,-0.4,0.0356
1.8496e-04,-0.4,0.0348
1.8504e-04,-0.4,0.0352
1.8512e-04,-0.36,0.036
1.8520e-04,-0.36,0.0364
1.8528e-04,-0.32,0.0356
1.8536e-04,-0.32,0.0356
1.8544e-04,-0.28,0.0364
1.8552e-04,-0.28,0.036
1.8560e-04,-0.24,0.0364
1.8568e-04,-0.24,0.036
1.8576e-04,-0.2,0.0364
1.8584e-04,-0.24,0.0356
1.8592e-04,-0.2,0.0348
1.8600e-04,-0.16,0.036
1.8608e-04,-0.16,0.036
1.8616e-04,-0.12,0.0364
1.8624e-04,-0.12,0.036
1.8632e-04,-0.08,0.0364
1.8640e-04,-0.08,0.036
1.8648e-04,-0.08,0.0364
1.8656e-04,-0.04,0.0364
1.8664e-04,-0.04,0.0368
1.8672e-04,-0.04,0.0368
1.8680e-04,0,0.0364
1.8688e-04,0.04,0.0364
1.8696e-04,0.04,0.036
1.8704e-04,0.04,0.0368
1.8712e-04,0.08,0.0368
1.8720e-04,0.08,0.0368
1.8728e-04,0.12,0.0372
1.8736e-04,0.12,0.0364
1.8744e-04,0.16,0.036
1.8752e-04,0.16,0.0364
1.8760e-04,0.16,0.0364
1.8768e-04,0.2,0.0368
1.8776e-04,0.2,0.0368
1.8784e-04,0.24,0.0368
1.8792e-04,0.28,0.0368
1.8800e-04,0.24,0.0368
1.8808e-04,0.24,0.0372
1.8816e-04,0.28,0.0372
1.8824e-04,0.32,0.0364
1.8832e-04,0.32,0.0368
1.8840e-04,0.36,0.0372
1.8848e-04,0.36,0.0364
1.8856e-04,0.4,0.0372
1.8864e-04,0.4,0.0372
1.8872e-04,0.4,0.0376
1.8880e-04,0.44,0.0372
1.8888e-04,0.44,0.0372
1.8896e-04,0.44,0.0372
1.8904e-04,0.48,0.0372
1.8912e-04,0.48,0.038
1.8920e-04,0.52,0.0376
1.8928e-04,0.52,0.0372
1.8936e-04,0.52,0.0376
1.8944e-04,0.56,0.0372
1.8952e-04,0.6,0.0376
1.8960e-04,0.6,0.0376
1.8968e-04,0.64,0.0384
1.8976e-04,0.64,0.038
1.8984e-04,0.64,0.038
1.8992e-04,0.68,0.0384
1.9000e-04,0.68,0.038
1.9008e-04,0.72,0.0376
1.9016e-04,0.72,0.0384
1.9024e-04,0.72,0.038
1.9032e-04,0.76,0.0376
1.9040e-04,0.76,0.0372
1.9048e-04,0.76,0.0376
1.9056e-04,0.8,0.0384
1.9064e-04,0.8,0.0384
1.9072e-04,0.8,0.038
1.9080e-04,0.84,0.038
1.9088e-04,0.84,0.0376
1.9096e-04,0.84,0.0384
1.9104e-04,0.92,0.0384
1.9112e-04,0.92,0.0388
1.9120e-04,0.92,0.0392
1.9128e-04,0.92,0.0384
1.9136e-04,0.96,0.038
1.9144e-04,0.96,0.038
1.9152e-04,0.96,0.0384
1.9160e-04,1,0.0388
1.9168e-04,1,0.0388
1.9176e-04,1,0.0388
1.9184e-04,1.04,0.0376
1.9192e-04,1.04,0.038
1.9200e-04,1.08,0.0384
1.9208e-04,1.08,0.0392
1.9216e-04,1.12,0.0388
1.9224e-04,1.12,0.038
1.9232e-04,1.12,0.038
1.9240e-04,1.16,0.0388
1.9248e-04,1.16,0.0388
1.9256e-04,1.16,0.0392
1.9264e-04,1.2,0.0384
1.9272e-04,1.2,0.0388
1.9280e-04,1.24,0.0384
1.9288e-04,1.28,0.038
1.9296e-04,1.28,0.0388
1.9304e-04,1.28,0.0392
1.9312e-04,1.28,0.0384
1.9320e-04,1.28,0.0388
1.9328e-04,1.32,0.0388
1.9336e-04,1.32,0.0392
1.9344e-04,1.32,0.0388
1.9352e-04,1.36,0.0388
1.9360e-04,1.36,0.0388
1.9368e-04,1.36,0.0384
1.9376e-04,1.4,0.038
1.9384e-04,1.44,0.038
1.9392e-04,1.4,0.0384
1.9400e-04,1.44,0.0384
1.9408e-04,1.44,0.0388
1.9416e-04,1.48,0.0384
1.9424e-04,1.48,0.038
1.9432e-04,1.48,0.0372
1.9440e-04,1.48,0.0384
1.9448e-04,1.52,0.0388
1.9456e-04,1.56,0.0384
1.9464e-04,1.52,0.0384
1.9472e-04,1.56,0.038
1.9480e-04,1.56,0.038
1.9488e-04,1.6,0.0376
1.9496e-04,1.6,0.038
1.9504e-04,1.6,0.038
1.9512e-04,1.6,0.038
1.9520e-04,1.64,0.0384
1.9528e-04,1.64,0.0376
1.9536e-04,1.68,0.0372
1.9544e-04,1.68,0.0376
1.9552e-04,1.68,0.0376
1.9560e-04,1.68,0.0376
1.9568e-04,1.72,0.0376
1.9576e-04,1.72,0.0368
1.9584e-04,1.72,0.0368
1.9592e-04,1.72,0.0368
1.9600e-04,1.72,0.0372
1.9608e-04,1.72,0.0372
1.9616e-04,1.76,0.0376
1.9624e-04,1.76,0.0372
1.9632e-04,1.76,0.0368
1.9640e-04,1.8,0.0364
1.9648e-04,1.8,0.0364
1.9656e-04,1.8,0.0364
1.9664e-04,1.8,0.0368
1.9672e-04,1.8,0.0364
1.9680e-04,1.84,0.036
1.9688e-04,1.84,0.036
1.9696e-04,1.88,0.036
1.9704e-04,1.84,0.0364
1.9712e-04,1.84,0.0364
1.9720e-04,1.88,0.0368
1.9728e-04,1.88,0.0364
1.9736e-04,1.88,0.0356
1.9744e-04,1.88,0.0356
1.9752e-04,1.92,0.036
1.9760e-04,1.92,0.0364
1.9768e-04,1.92,0.0364
1.9776e-04,1.92,0.036
1.9784e-04,1.92,0.0352
1.9792e-04,1.96,0.0352
1.9800e-04,1.96,0.0352
1.9808e-04,1.96,0.036
1.9816e-04,1.96,0.0364
1.9824e-04,1.96,0.0356
1.9832e-04,1.96,0.0348
1.9840e-04,2,0.0356
1.9848e-04,2,0.0356
1.9856e-04,2.04,0.036
1.9864e-04,2,0.0356
1.9872e-04,2.04,0.0356
1.9880e-04,2.04,0.0356
1.9888e-04,2.04,0.0348
1.9896e-04,2.04,0.036
1.9904e-04,2.04,0.036
1.9912e-04,2.04,0.0364
1.9920e-04,2.04,0.0364
1.9928e-04,2.08,0.0356
1.9936e-04,2.08,0.0352
1.9944e-04,2.08,0.0356
1.9952e-04,2.08,0.0364
1.9960e-04,2.08,0.0364
1.9968e-04,2.12,0.0364
1.9976e-04,2.08,0.0364
1.9984e-04,2.12,0.0356
1.9992e-04,2.12,0.0352
2.0000e-04,2.12,0.0356
2.0008e-04,2.12,0.0364
2.0016e-04,2.12,0.0372
2.0024e-04,2.12,0.0368
2.0032e-04,2.12,0.0372
2.0040e-04,2.12,0.036
2.0048e-04,2.12,0.0368
2.0056e-04,2.16,0.0368
2.0064e-04,2.16,0.0368
2.0072e-04,2.12,0.0368
2.0080e-04,2.16,0.0368
2.0088e-04,2.16,0.036
2.0096e-04,2.16,0.036
2.0104e-04,2.16,0.0368
2.0112e-04,2.16,0.0372
2.0120e-04,2.16,0.0372
2.0128e-04,2.16,0.0368
2.0136e-04,2.16,0.036
2.0144e-04,2.16,0.036
2.0152e-04,2.16,0.0364
2.0160e-04,2.16,0.0372
2.0168e-04,2.2,0.0368
2.0176e-04,2.2,0.0368
2.0184e-04,2.2,0.0356
2.0192e-04,2.2,0.036
2.0200e-04,2.2,0.0356
2.0208e-04,2.2,0.0364
2.0216e-04,2.2,0.0364
2.0224e-04,2.2,0.036
2.0232e-04,2.2,0.0356
2.0240e-04,2.2,0.0356
2.0248e-04,2.2,0.036
2.0256e-04,2.2,0.0412
2.0264e-04,2.2,0.038
2.0272e-04,2.2,0.0348
2.0280e-04,2.2,0.0344
2.0288e-04,2.2,0.0344
2.0296e-04,2.2,0.0348
2.0304e-04,2.16,0.0336
2.0312e-04,2.2,0.032
2.0320e-04,2.2,0.0312
2.0328e-04,2.2,0.0316
2.0336e-04,2.2,0.0312
2.0344e-04,2.16,0.0316
2.0352e-04,2.2,0.032
2.0360e-04,2.16,0.0316
2.0368e-04,2.16,0.0316
2.0376e-04,2.16,0.0316
2.0384e-04,2.16,0.0312
2.0392e-04,2.16,0.0316
2.0400e-04,2.16,0.0312
2.0408e-04,2.16,0.0324
2.0416e-04,2.16,0.0324
2.0424e-04,2.16,0.0324
2.0432e-04,2.16,0.0312
2.0440e-04,2.16,0.0316
2.0448e-04,2.16,0.0312
2.0456e-04,2.12,0.0312
2.0464e-04,2.12,0.0312
2.0472e-04,2.16,0.0308
2.0480e-04,2.16,0.0308
2.0488e-04,2.12,0.0304
2.0496e-04,2.12,0.03
2.0504e-04,2.12,0.0304
2.0512e-04,2.12,0.0308
2.0520e-04,2.12,0.03
2.0528e-04,2.08,0.03
2.0536e-04,2.12,0.0296
2.0544e-04,2.08,0.0296
2.0552e-04,2.08,0.0292
2.0560e-04,2.08,0.0296
2.0568e-04,2.08,0.0296
2.0576e-04,2.08,0.03
2.0584e-04,2.04,0.0288
2.0592e-04,2.08,0.0296
2.0600e-04,2.04,0.0292
2.0608e-04,2.08,0.03
2.0616e-04,2.04,0.0296
2.0624e-04,2.04,0.0296
2.0632e-04,2.04,0.03
2.0640e-04,2,0.03
2.0648e-04,2,0.0296
2.0656e-04,2,0.03
2.0664e-04,2,0.0292
2.0672e-04,2,0.0296
2.0680e-04,1.96,0.0292
2.0688e-04,2,0.0288
2.0696e-04,1.96,0.0296
2.0704e-04,2,0.0296
2.0712e-04,1.96,0.0296
2.0720e-04,1.96,0.0296
2.0728e-04,1.96,0.0292
2.0736e-04,1.92,0.0292
2.0744e-04,1.92,0.0288
2.0752e-04,1.92,0.0292
2.0760e-04,1.92,0.0296
2.0768e-04,1.92,0.0292
2.0776e-04,1.88,0.0288
2.0784e-04,1.92,0.0288
2.0792e-04,1.88,0.0288
2.0800e-04,1.88,0.0288
2.0808e-04,1.84,0.0292
2.0816e-04,1.84,0.0288
2.0824e-04,1.84,0.0284
2.0832e-04,1.84,0.0288
2.0840e-04,1.84,0.0284
2.0848e-04,1.8,0.0288
2.0856e-04,1.8,0.0288
2.0864e-04,1.8,0.0288
2.0872e-04,1.8,0.0284
2.0880e-04,1.8,0.0288
2.0888e-04,1.76,0.0284
2.0896e-04,1.76,0.028
2.0904e-04,1.76,0.0284
2.0912e-04,1.76,0.028
2.0920e-04,1.72,0.028
2.0928e-04,1.72,0.0272
2.0936e-04,1.68,0.0268
2.0944e-04,1.72,0.0272
2.0952e-04,1.68,0.0276
2.0960e-04,1.64,0.0272
2.0968e-04,1.68,0.0272
2.0976e-04,1.68,0.0268
2.0984e-04,1.64,0.0264
2.0992e-04,1.64,0.0268
2.1000e-04,1.6,0.0268
2.1008e-04,1.6,0.0272
2.1016e-04,1.6,0.026
2.1024e-04,1.56,0.026
2.1032e-04,1.6,0.0252
2.1040e-04,1.52,0.0252
2.1048e-04,1.52,0.0264
2.1056e-04,1.52,0.0252
2.1064e-04,1.52,0.0256
2.1072e-04,1.48,0.0248
2.1080e-04,1.48,0.0252
2.1088e-04,1.48,0.0244
2.1096e-04,1.44,0.0252
2.1104e-04,1.44,0.0252
2.1112e-04,1.44,0.0248
2.1120e-04,1.44,0.024
2.1128e-04,1.4,0.0244
2.1136e-04,1.4,0.0244
2.1144e-04,1.36,0.024
2.1152e-04,1.36,0.0244
2.1160e-04,1.32,0.0244
2.1168e-04,1.32,0.024
2.1176e-04,1.32,0.0236
2.1184e-04,1.28,0.0232
2.1192e-04,1.32,0.0232
2.1200e-04,1.28,0.022
2.1208e-04,1.24,0.0236
2.1216e-04,1.24,0.024
2.1224e-04,1.24,0.0228
2.1232e-04,1.2,0.0228
2.1240e-04,1.2,0.022
2.1248e-04,1.2,0.0228
2.1256e-04,1.16,0.022
2.1264e-04,1.16,0.0232
2.1272e-04,1.12,0.0224
2.1280e-04,1.12,0.0216
2.1288e-04,1.12,0.0216
2.1296e-04,1.08,0.0224
2.1304e-04,1.08,0.0224
2.1312e-04,1.08,0.0224
2.1320e-04,1.08,0.0216
2.1328e-04,1,0.0208
2.1336e-04,1,0.0208
2.1344e-04,1,0.0212
2.1352e-04,0.96,0.0216
2.1360e-04,0.96,0.0216
2.1368e-04,0.96,0.0212
2.1376e-04,0.92,0.0208
2.1384e-04,0.92,0.0204
2.1392e-04,0.92,0.0204
2.1400e-04,0.88,0.0204
2.1408e-04,0.88,0.0212
2.1416e-04,0.84,0.0208
2.1424e-04,0.88,0.0204
2.1432e-04,0.84,0.02
2.1440e-04,0.8,0.02
2.1448e-04,0.8,0.02
2.1456e-04,0.76,0.0208
2.1464e-04,0.76,0.0208
2.1472e-04,0.72,0.02
2.1480e-04,0.72,0.0196
2.1488e-04,0.68,0.0188
2.1496e-04,0.68,0.0196
2.1504e-04,0.68,0.0204
2.1512e-04,0.64,0.0212
2.1520e-04,0.64,0.0196
2.1528e-04,0.64,0.0184
2.1536e-04,0.6,0.018
2.1544e-04,0.6,0.0188
2.1552e-04,0.56,0.02
2.1560e-04,0.56,0.0204
2.1568e-04,0.56,0.02
2.1576e-04,0.52,0.0192
2.1584e-04,0.52,0.0188
2.1592e-04,0.48,0.0192
2.1600e-04,0.52,0.0184
2.1608e-04,0.44,0.0196
2.1616e-04,0.48,0.0196
2.1624e-04,0.44,0.02
2.1632e-04,0.4,0.0188
2.1640e-04,0.36,0.018
2.1648e-04,0.4,0.0184
2.1656e-04,0.36,0.0192
2.1664e-04,0.36,0.0196
2.1672e-04,0.32,0.0192
2.1680e-04,0.32,0.0184
2.1688e-04,0.28,0.0176
2.1696e-04,0.28,0.0184
2.1704e-04,0.28,0.0184
2.1712e-04,0.24,0.0188
2.1720e-04,0.2,0.0188
2.1728e-04,0.2,0.0184
2.1736e-04,0.16,0.0176
2.1744e-04,0.16,0.0176
2.1752e-04,0.12,0.0176
2.1760e-04,0.12,0.0188
2.1768e-04,0.12,0.0188
2.1776e-04,0.08,0.0188
2.1784e-04,0.08,0.0176
2.1792e-04,0.08,0.0176
2.1800e-04,0.04,0.0176
2.1808e-04,0.04,0.018
2.1816e-04,0.04,0.018
2.1824e-04,0,0.018
2.1832e-04,-0.04,0.0176
2.1840e-04,-0.04,0.0172
2.1848e-04,-0.08,0.0172
2.1856e-04,-0.08,0.0184
2.1864e-04,-0.08,0.0172
2.1872e-04,-0.12,0.0176
2.1880e-04,-0.12,0.0176
2.1888e-04,-0.12,0.0176
2.1896e-04,-0.16,0.018
2.1904e-04,-0.16,0.0176
2.1912e-04,-0.2,0.0184
2.1920e-04,-0.24,0.018
2.1928e-04,-0.24,0.0176
2.1936e-04,-0.24,0.0176
2.1944e-04,-0.28,0.0172
2.1952e-04,-0.28,0.0172
2.1960e-04,-0.28,0.0176
2.1968e-04,-0.32,0.0184
2.1976e-04,-0.32,0.0172
2.1984e-04,-0.32,0.0168
2.1992e-04,-0.36,0.0172
2.2000e-04,-0.36,0.0164
2.2008e-04,-0.36,0.0168
2.2016e-04,-0.4,0.0172
2.2024e-04,-0.44,0.0172
2.2032e-04,-0.44,0.0164
2.2040e-04,-0.44,0.0164
2.2048e-04,-0.48,0.0168
2.2056e-04,-0.48,0.0164
2.2064e-04,-0.52,0.0168
2.2072e-04,-0.52,0.0172
2.2080e-04,-0.56,0.0168
2.2088e-04,-0.56,0.016
2.2096e-04,-0.6,0.016
2.2104e-04,-0.6,0.0156
2.2112e-04,-0.6,0.016
2.2120e-04,-0.6,0.0168
2.2128e-04,-0.64,0.0164
2.2136e-04,-0.68,0.0168
2.2144e-04,-0.68,0.016
2.2152e-04,-0.72,0.0156
2.2160e-04,-0.72,0.016
2.2168e-04,-0.72,0.016
2.2176e-04,-0.76,0.0168
2.2184e-04,-0.76,0.0164
2.2192e-04,-0.8,0.016
2.2200e-04,-0.8,0.016
2.2208e-04,-0.84,0.016
2.2216e-04,-0.84,0.0164
2.2224e-04,-0.84,0.0168
2.2232e-04,-0.88,0.016
2.2240e-04,-0.88,0.0156
2.2248e-04,-0.92,0.016
2.2256e-04,-0.92,0.0168
2.2264e-04,-0.92,0.0172
2.2272e-04,-0.92,0.0164
2.2280e-04,-0.96,0.016
2.2288e-04,-0.96,0.0152
2.2296e-04,-1,0.0148
2.2304e-04,-1,0.0156
2.2312e-04,-1,0.016
2.2320e-04,-1.04,0.016
2.2328e-04,-1.08,0.0156
2.2336e-04,-1.08,0.0156
2.2344e-04,-1.08,0.0156
2.2352e-04,-1.08,0.0156
2.2360e-04,-1.12,0.0156
2.2368e-04,-1.12,0.0168
2.2376e-04,-1.12,0.0156
2.2384e-04,-1.16,0.0156
2.2392e-04,-1.16,0.0164
2.2400e-04,-1.16,0.016
2.2408e-04,-1.2,0.016
2.2416e-04,-1.2,0.016
2.2424e-04,-1.2,0.0152
2.2432e-04,-1.24,0.0152
2.2440e-04,-1.24,0.0152
2.2448e-04,-1.28,0.0156
2.2456e-04,-1.28,0.0156
2.2464e-04,-1.28,0.016
2.2472e-04,-1.28,0.016
2.2480e-04,-1.32,0.0156
2.2488e-04,-1.32,0.0152
2.2496e-04,-1.36,0.016
2.2504e-04,-1.36,0.0164
2.2512e-04,-1.36,0.0164
2.2520e-04,-1.4,0.016
2.2528e-04,-1.4,0.0164
2.2536e-04,-1.4,0.0164
2.2544e-04,-1.44,0.0164
2.2552e-04,-1.44,0.0164
2.2560e-04,-1.44,0.0164
2.2568e-04,-1.44,0.0164
2.2576e-04,-1.48,0.0164
2.2584e-04,-1.48,0.0164
2.2592e-04,-1.48,0.0168
2.2600e-04,-1.52,0.0176
2.2608e-04,-1.52,0.0172
2.2616e-04,-1.52,0.0168
2.2624e-04,-1.56,0.0172
2.2632e-04,-1.56,0.0172
2.2640e-04,-1.56,0.0168
2.2648e-04,-1.56,0.0176
2.2656e-04,-1.6,0.018
2.2664e-04,-1.6,0.0176
2.2672e-04,-1.6,0.0176
2.2680e-04,-1.64,0.0172
2.2688e-04,-1.64,0.0176
2.2696e-04,-1.64,0.0176
2.2704e-04,-1.64,0.0176
2.2712e-04,-1.68,0.0184
2.2720e-04,-1.68,0.0184
2.2728e-04,-1.68,0.018
2.2736e-04,-1.68,0.0176
2.2744e-04,-1.72,0.018
2.2752e-04,-1.72,0.0184
2.2760e-04,-1.72,0.0188
2.2768e-04,-1.72,0.0192
2.2776e-04,-1.76,0.018
2.2784e-04,-1.76,0.018
2.2792e-04,-1.76,0.0184
2.2800e-04,-1.8,0.0188
2.2808e-04,-1.8,0.0192
2.2816e-04,-1.8,0.0188
2.2824e-04,-1.8,0.0192
2.2832e-04,-1.8,0.0188
2.2840e-04,-1.84,0.0188
2.2848e-04,-1.84,0.0192
2.2856e-04,-1.84,0.0196
2.2864e-04,-1.88,0.0196
2.2872e-04,-1.84,0.0196
2.2880e-04,-1.84,0.0196
2.2888e-04,-1.88,0.0192
2.2896e-04,-1.88,0.0192
2.2904e-04,-1.92,0.02
2.2912e-04,-1.92,0.02
2.2920e-04,-1.92,0.0196
2.2928e-04,-1.92,0.0196
2.2936e-04,-1.92,0.0192
2.2944e-04,-1.92,0.02
2.2952e-04,-1.92,0.02
2.2960e-04,-1.96,0.02
2.2968e-04,-1.96,0.02
2.2976e-04,-1.96,0.02
2.2984e-04,-1.96,0.0188
2.2992e-04,-1.96,0.0188
2.3000e-04,-2,0.0192
2.3008e-04,-2,0.0196
2.3016e-04,-2,0.0204
2.3024e-04,-2,0.0196
2.3032e-04,-2,0.0192
2.3040e-04,-2,0.0192
2.3048e-04,-2.04,0.0192
2.3056e-04,-2.04,0.02
2.3064e-04,-2.04,0.02
2.3072e-04,-2.04,0.02
2.3080e-04,-2.04,0.0192
2.3088e-04,-2.04,0.0192
2.3096e-04,-2.08,0.0188
2.3104e-04,-2.04,0.0188
2.3112e-04,-2.08,0.0196
2.3120e-04,-2.04,0.0196
2.3128e-04,-2.04,0.0184
2.3136e-04,-2.08,0.0176
2.3144e-04,-2.08,0.0184
2.3152e-04,-2.08,0.0184
2.3160e-04,-2.08,0.0184
2.3168e-04,-2.08,0.0188
2.3176e-04,-2.12,0.0184
2.3184e-04,-2.08,0.0172
2.3192e-04,-2.08,0.0172
2.3200e-04,-2.12,0.0176
2.3208e-04,-2.12,0.018
2.3216e-04,-2.12,0.018
2.3224e-04,-2.12,0.018
2.3232e-04,-2.12,0.0172
2.3240e-04,-2.12,0.0168
2.3248e-04,-2.12,0.0176
2.3256e-04,-2.12,0.018
2.3264e-04,-2.12,0.0172
2.3272e-04,-2.12,0.0172
2.3280e-04,-2.12,0.0168
2.3288e-04,-2.12,0.0164
2.3296e-04,-2.12,0.0168
2.3304e-04,-2.12,0.0172
2.3312e-04,-2.12,0.0176
2.3320e-04,-2.12,0.0176
2.3328e-04,-2.12,0.0172
2.3336e-04,-2.16,0.0172
2.3344e-04,-2.12,0.0172
2.3352e-04,-2.16,0.016
2.3360e-04,-2.12,0.0144
2.3368e-04,-2.16,0.0164
2.3376e-04,-2.16,0.0168
2.3384e-04,-2.16,0.0184
2.3392e-04,-2.16,0.0212
2.3400e-04,-2.12,0.024
2.3408e-04,-2.12,0.0256
2.3416e-04,-2.12,0.0256
2.3424e-04,-2.12,0.0248
2.3432e-04,-2.12,0.0256
2.3440e-04,-2.12,0.0264
2.3448e-04,-2.12,0.0272
2.3456e-04,-2.12,0.0284
2.3464e-04,-2.12,0.0284
2.3472e-04,-2.12,0.0288
2.3480e-04,-2.12,0.0284
2.3488e-04,-2.12,0.0288
2.3496e-04,-2.12,0.0288
2.3504e-04,-2.12,0.0292
2.3512e-04,-2.12,0.03
2.3520e-04,-2.12,0.0304
2.3528e-04,-2.08,0.03
2.3536e-04,-2.08,0.0296
2.3544e-04,-2.08,0.0296
2.3552e-04,-2.08,0.0304
2.3560e-04,-2.08,0.0304
2.3568e-04,-2.08,0.0308
2.3576e-04,-2.08,0.0308
2.3584e-04,-2.08,0.03
2.3592e-04,-2.08,0.0292
2.3600e-04,-2.08,0.0308
2.3608e-04,-2.04,0.0308
2.3616e-04,-2.04,0.0308
2.3624e-04,-2.04,0.0308
2.3632e-04,-2.04,0.0296
2.3640e-04,-2.04,0.0296
2.3648e-04,-2.04,0.0308
2.3656e-04,-2,0.0308
2.3664e-04,-2.04,0.0304
2.3672e-04,-2,0.03
2.3680e-04,-2,0.0296
2.3688e-04,-2,0.0296
2.3696e-04,-2,0.0296
2.3704e-04,-2,0.03
2.3712e-04,-2,0.0308
2.3720e-04,-2,0.0304
2.3728e-04,-2,0.0296
2.3736e-04,-1.96,0.0288
2.3744e-04,-1.96,0.0284
2.3752e-04,-1.96,0.0288
2.3760e-04,-1.92,0.0296
2.3768e-04,-1.92,0.03
2.3776e-04,-1.92,0.0296
2.3784e-04,-1.92,0.0292
2.3792e-04,-1.92,0.0288
2.3800e-04,-1.92,0.0288
2.3808e-04,-1.92,0.0284
2.3816e-04,-1.88,0.0284
2.3824e-04,-1.88,0.028
2.3832e-04,-1.88,0.0284
2.3840e-04,-1.88,0.028
2.3848e-04,-1.88,0.0284
2.3856e-04,-1.84,0.0284
2.3864e-04,-1.84,0.0284
2.3872e-04,-1.84,0.0284
2.3880e-04,-1.84,0.0276
2.3888e-04,-1.84,0.0276
2.3896e-04,-1.8,0.028
2.3904e-04,-1.8,0.028
2.3912e-04,-1.8,0.0288
2.3920e-04,-1.76,0.0284
2.3928e-04,-1.8,0.0284
2.3936e-04,-1.76,0.0276
2.3944e-04,-1.76,0.028
2.3952e-04,-1.76,0.0284
2.3960e-04,-1.76,0.028
2.3968e-04,-1.72,0.028
2.3976e-04,-1.72,0.0288
2.3984e-04,-1.68,0.0288
2.3992e-04,-1.68,0.028
2.4000e-04,-1.68,0.0288
2.4008e-04,-1.68,0.0292
2.4016e-04,-1.64,0.0288
2.4024e-04,-1.64,0.0288
2.4032e-04,-1.64,0.0296
2.4040e-04,-1.64,0.0288
2.4048e-04,-1.6,0.0288
2.4056e-04,-1.6,0.0292
2.4064e-04,-1.6,0.0292
2.4072e-04,-1.6,0.0288
2.4080e-04,-1.56,0.0296
2.4088e-04,-1.56,0.03
2.4096e-04,-1.56,0.0296
2.4104e-04,-1.52,0.0292
2.4112e-04,-1.52,0.0296
2.4120e-04,-1.52,0.03
2.4128e-04,-1.52,0.03
2.4136e-04,-1.48,0.0304
2.4144e-04,-1.48,0.0304
2.4152e-04,-1.48,0.03
2.4160e-04,-1.44,0.0304
2.4168e-04,-1.48,0.0308
2.4176e-04,-1.44,0.0312
2.4184e-04,-1.4,0.0308
2.4192e-04,-1.4,0.0308
2.4200e-04,-1.4,0.0312
2.4208e-04,-1.36,0.0316
2.4216e-04,-1.36,0.0316
2.4224e-04,-1.36,0.032
2.4232e-04,-1.32,0.0316
2.4240e-04,-1.32,0.0316
2.4248e-04,-1.32,0.032
2.4256e-04,-1.28,0.0324
2.4264e-04,-1.28,0.032
2.4272e-04,-1.24,0.0332
2.4280e-04,-1.24,0.032
2.4288e-04,-1.24,0.0324
2.4296e-04,-1.2,0.0324
2.4304e-04,-1.2,0.0328
2.4312e-04,-1.2,0.0324
2.4320e-04,-1.2,0.0328
2.4328e-04,-1.16,0.0332
2.4336e-04,-1.16,0.0328
2.4344e-04,-1.12,0.0332
2.4352e-04,-1.12,0.0332
2.4360e-04,-1.12,0.0336
2.4368e-04,-1.08,0.0336
2.4376e-04,-1.08,0.0336
2.4384e-04,-1.04,0.0332
2.4392e-04,-1.04,0.0332
2.4400e-04,-1.04,0.0336
2.4408e-04,-1,0.0344
2.4416e-04,-1,0.0336
2.4424e-04,-1,0.0344
2.4432e-04,-0.96,0.0344
2.4440e-04,-0.96,0.0336
2.4448e-04,-0.96,0.0336
2.4456e-04,-0.92,0.0352
2.4464e-04,-0.88,0.0348
2.4472e-04,-0.88,0.0344
2.4480e-04,-0.88,0.034
2.4488e-04,-0.88,0.0344
2.4496e-04,-0.88,0.0344
2.4504e-04,-0.84,0.0344
2.4512e-04,-0.8,0.0344
2.4520e-04,-0.8,0.0348
2.4528e-04,-0.8,0.0344
2.4536e-04,-0.76,0.0344
2.4544e-04,-0.76,0.0352
2.4552e-04,-0.76,0.0352
2.4560e-04,-0.72,0.0356
2.4568e-04,-0.68,0.0356
2.4576e-04,-0.68,0.0344
2.4584e-04,-0.68,0.0348
2.4592e-04,-0.68,0.0352
2.4600e-04,-0.64,0.0356
2.4608e-04,-0.64,0.0364
2.4616e-04,-0.6,0.036
2.4624e-04,-0.6,0.036
2.4632e-04,-0.6,0.036
2.4640e-04,-0.56,0.0364
2.4648e-04,-0.56,0.036
2.4656e-04,-0.52,0.0356
2.4664e-04,-0.52,0.0356
2.4672e-04,-0.48,0.036
2.4680e-04,-0.44,0.0352
2.4688e-04,-0.44,0.0352
2.4696e-04,-0.44,0.0356
2.4704e-04,-0.44,0.036
2.4712e-04,-0.4,0.036
2.4720e-04,-0.36,0.036
2.4728e-04,-0.36,0.0356
2.4736e-04,-0.36,0.0352
2.4744e-04,-0.36,0.0352
2.4752e-04,-0.32,0.036
2.4760e-04,-0.32,0.0364
2.4768e-04,-0.28,0.0368
2.4776e-04,-0.28,0.036
2.4784e-04,-0.28,0.0356
2.4792e-04,-0.24,0.0356
2.4800e-04,-0.2,0.036
2.4808e-04,-0.2,0.0364
2.4816e-04,-0.2,0.036
2.4824e-04,-0.16,0.0368
2.4832e-04,-0.16,0.0364
2.4840e-04,-0.12,0.036
2.4848e-04,-0.12,0.0364
2.4856e-04,-0.08,0.0364
2.4864e-04,-0.12,0.0364
2.4872e-04,-0.04,0.0364
2.4880e-04,-0.04,0.036
2.4888e-04,-0.04,0.0364
2.4896e-04,0,0.0356
2.4904e-04,0,0.0368
2.4912e-04,0.04,0.0368
2.4920e-04,0,0.0368
2.4928e-04,0.08,0.0364
2.4936e-04,0.08,0.0364
2.4944e-04,0.08,0.0368
2.4952e-04,0.12,0.0372
2.4960e-04,0.12,0.0372
2.4968e-04,0.16,0.0368
2.4976e-04,0.16,0.0364
2.4984e-04,0.16,0.036
2.4992e-04,0.2,0.036
2.5000e-04,0.2,0.0372
2.5008e-04,0.24,0.0372
2.5016e-04,0.24,0.0376
2.5024e-04,0.24,0.0364
2.5032e-04,0.28,0.0368
2.5040e-04,0.32,0.0364
2.5048e-04,0.28,0.0368
2.5056e-04,0.32,0.0372
2.5064e-04,0.32,0.038
2.5072e-04,0.36,0.0372
2.5080e-04,0.36,0.0368
2.5088e-04,0.4,0.0368
2.5096e-04,0.4,0.0368
2.5104e-04,0.44,0.0376
2.5112e-04,0.48,0.038
2.5120e-04,0.44,0.0376
2.5128e-04,0.48,0.038
2.5136e-04,0.48,0.0372
2.5144e-04,0.52,0.0368
2.5152e-04,0.52,0.038
2.5160e-04,0.52,0.038
2.5168e-04,0.56,0.0376
2.5176e-04,0.56,0.0388
2.5184e-04,0.6,0.0376
2.5192e-04,0.6,0.0376
2.5200e-04,0.6,0.0372
2.5208e-04,0.64,0.0384
2.5216e-04,0.68,0.038
2.5224e-04,0.68,0.0384
2.5232e-04,0.68,0.0384
2.5240e-04,0.68,0.0372
2.5248e-04,0.72,0.0376
2.5256e-04,0.76,0.0376
2.5264e-04,0.76,0.0384
2.5272e-04,0.76,0.0388
2.5280e-04,0.8,0.038
2.5288e-04,0.8,0.0376
2.5296e-04,0.8,0.038
2.5304e-04,0.84,0.0388
2.5312e-04,0.84,0.0396
2.5320e-04,0.84,0.0388
2.5328e-04,0.88,0.0384
2.5336e-04,0.88,0.038
2.5344e-04,0.92,0.0384
2.5352e-04,0.92,0.0384
2.5360e-04,0.96,0.0388
2.5368e-04,0.96,0.0388
2.5376e-04,0.96,0.0384
2.5384e-04,1,0.0384
2.5392e-04,1.04,0.0388
2.5400e-04,1,0.0384
2.5408e-04,1.04,0.0388
2.5416e-04,1.04,0.0392
2.5424e-04,1.08,0.0396
2.5432e-04,1.12,0.0392
2.5440e-04,1.12,0.038
2.5448e-04,1.12,0.0384
2.5456e-04,1.12,0.0384
2.5464e-04,1.16,0.0384
2.5472e-04,1.16,0.0384
2.5480e-04,1.2,0.0384
2.5488e-04,1.2,0.0384
2.5496e-04,1.24,0.0376
2.5504e-04,1.2,0.038
2.5512e-04,1.24,0.0388
2.5520e-04,1.24,0.0396
2.5528e-04,1.28,0.0392
2.5536e-04,1.24,0.0388
2.5544e-04,1.28,0.0384
2.5552e-04,1.32,0.0384
2.5560e-04,1.32,0.0388
2.5568e-04,1.32,0.0392
2.5576e-04,1.36,0.0388
2.5584e-04,1.36,0.038
2.5592e-04,1.4,0.0384
2.5600e-04,1.4,0.038
2.5608e-04,1.4,0.0384
2.5616e-04,1.44,0.038
2.5624e-04,1.4,0.0388
2.5632e-04,1.44,0.0384
2.5640e-04,1.44,0.038
2.5648e-04,1.48,0.038
2.5656e-04,1.48,0.0384
2.5664e-04,1.48,0.0384
2.5672e-04,1.52,0.038
2.5680e-04,1.52,0.038
2.5688e-04,1.52,0.038
2.5696e-04,1.56,0.0376
2.5704e-04,1.56,0.0388
2.5712e-04,1.56,0.0388
2.5720e-04,1.6,0.0384
2.5728e-04,1.6,0.038
2.5736e-04,1.6,0.0376
2.5744e-04,1.64,0.0376
2.5752e-04,1.64,0.038
2.5760e-04,1.64,0.038
2.5768e-04,1.64,0.0372
2.5776e-04,1.68,0.038
2.5784e-04,1.72,0.0372
2.5792e-04,1.68,0.0372
2.5800e-04,1.68,0.0372
2.5808e-04,1.72,0.0368
2.5816e-04,1.72,0.0368
2.5824e-04,1.72,0.0368
2.5832e-04,1.72,0.0368
2.5840e-04,1.76,0.0368
2.5848e-04,1.76,0.0368
2.5856e-04,1.76,0.0368
2.5864e-04,1.8,0.0368
2.5872e-04,1.76,0.0372
2.5880e-04,1.8,0.0364
2.5888e-04,1.8,0.0368
2.5896e-04,1.84,0.036
2.5904e-04,1.84,0.0364
2.5912e-04,1.84,0.0364
2.5920e-04,1.84,0.0372
2.5928e-04,1.84,0.0364
2.5936e-04,1.88,0.036
2.5944e-04,1.88,0.0348
2.5952e-04,1.88,0.036
2.5960e-04,1.88,0.036
2.5968e-04,1.88,0.0368
2.5976e-04,1.92,0.0368
2.5984e-04,1.92,0.036
2.5992e-04,1.92,0.036
2.6000e-04,1.92,0.036
2.6008e-04,1.96,0.0364
2.6016e-04,1.96,0.036
2.6024e-04,1.96,0.036
2.6032e-04,1.96,0.0364
2.6040e-04,1.96,0.0348
2.6048e-04,1.96,0.0356
2.6056e-04,2,0.0364
2.6064e-04,2,0.0364
2.6072e-04,2,0.0364
2.6080e-04,2.04,0.036
2.6088e-04,2.04,0.0356
2.6096e-04,2,0.0348
2.6104e-04,2.04,0.0356
2.6112e-04,2.04,0.0356
2.6120e-04,2.04,0.036
2.6128e-04,2.04,0.0356
2.6136e-04,2.08,0.036
2.6144e-04,2.04,0.0356
2.6152e-04,2.04,0.036
2.6160e-04,2.08,0.0368
2.6168e-04,2.08,0.0368
2.6176e-04,2.08,0.0356
2.6184e-04,2.08,0.0356
2.6192e-04,2.08,0.0356
2.6200e-04,2.12,0.0356
2.6208e-04,2.12,0.0364
2.6216e-04,2.12,0.0364
2.6224e-04,2.12,0.0364
2.6232e-04,2.12,0.0364
2.6240e-04,2.12,0.036
2.6248e-04,2.12,0.0368
2.6256e-04,2.16,0.0364
2.6264e-04,2.12,0.0372
2.6272e-04,2.16,0.0364
2.6280e-04,2.12,0.0364
2.6288e-04,2.12,0.036
2.6296e-04,2.12,0.0368
2.6304e-04,2.16,0.0368
2.6312e-04,2.16,0.0368
2.6320e-04,2.16,0.0372
2.6328e-04,2.16,0.036
2.6336e-04,2.16,0.036
2.6344e-04,2.16,0.0372
2.6352e-04,2.16,0.0372
2.6360e-04,2.16,0.0368
2.6368e-04,2.16,0.0368
2.6376e-04,2.16,0.0368
2.6384e-04,2.2,0.0356
2.6392e-04,2.2,0.036
2.6400e-04,2.16,0.0364
2.6408e-04,2.2,0.036
2.6416e-04,2.2,0.0356
2.6424e-04,2.16,0.036
2.6432e-04,2.2,0.0356
2.6440e-04,2.2,0.0352
2.6448e-04,2.2,0.0364
2.6456e-04,2.2,0.0364
2.6464e-04,2.2,0.0364
2.6472e-04,2.2,0.036
2.6480e-04,2.2,0.0404
2.6488e-04,2.2,0.0388
2.6496e-04,2.16,0.0356
2.6504e-04,2.2,0.0348
2.6512e-04,2.2,0.0356
2.6520e-04,2.2,0.0348
2.6528e-04,2.2,0.0336
2.6536e-04,2.2,0.032
2.6544e-04,2.16,0.0312
2.6552e-04,2.2,0.0316
2.6560e-04,2.16,0.0328
2.6568e-04,2.16,0.0324
2.6576e-04,2.16,0.0324
2.6584e-04,2.16,0.0308
2.6592e-04,2.16,0.0308
2.6600e-04,2.16,0.0312
2.6608e-04,2.16,0.032
2.6616e-04,2.16,0.0316
2.6624e-04,2.16,0.0312
2.6632e-04,2.16,0.0312
2.6640e-04,2.16,0.0308
2.6648e-04,2.16,0.0324
2.6656e-04,2.16,0.032
2.6664e-04,2.16,0.0324
2.6672e-04,2.12,0.0316
2.6680e-04,2.12,0.0316
2.6688e-04,2.12,0.0312
2.6696e-04,2.12,0.0308
2.6704e-04,2.12,0.0312
2.6712e-04,2.12,0.0304
2.6720e-04,2.12,0.0304
2.6728e-04,2.12,0.0296
2.6736e-04,2.12,0.03
2.6744e-04,2.12,0.0304
2.6752e-04,2.12,0.0304
2.6760e-04,2.12,0.03
2.6768e-04,2.08,0.03
2.6776e-04,2.08,0.0304
2.6784e-04,2.08,0.0292
2.6792e-04,2.08,0.03
2.6800e-04,2.08,0.03
2.6808e-04,2.04,0.03
2.6816e-04,2.04,0.0296
2.6824e-04,2.04,0.0288
2.6832e-04,2.04,0.0288
2.6840e-04,2.04,0.0288
2.6848e-04,2,0.0296
2.6856e-04,2.04,0.03
2.6864e-04,2,0.0296
2.6872e-04,2,0.0296
2.6880e-04,2,0.0296
2.6888e-04,2,0.0296
2.6896e-04,2,0.0296
2.6904e-04,2,0.03
2.6912e-04,2,0.03
2.6920e-04,1.96,0.0296
2.6928e-04,1.96,0.0296
2.6936e-04,1.96,0.0288
2.6944e-04,1.92,0.0292
2.6952e-04,1.92,0.0292
2.6960e-04,1.92,0.0296
2.6968e-04,1.92,0.0296
2.6976e-04,1.92,0.0296
2.6984e-04,1.88,0.0292
2.6992e-04,1.88,0.0284
2.7000e-04,1.88,0.0284
2.7008e-04,1.88,0.0296
2.7016e-04,1.88,0.0292
2.7024e-04,1.84,0.0292
2.7032e-04,1.84,0.0292
2.7040e-04,1.84,0.0284
2.7048e-04,1.84,0.0288
2.7056e-04,1.84,0.0292
2.7064e-04,1.8,0.0296
2.7072e-04,1.8,0.0288
2.7080e-04,1.8,0.0288
2.7088e-04,1.8,0.0288
2.7096e-04,1.76,0.028
2.7104e-04,1.76,0.028
2.7112e-04,1.76,0.0284
2.7120e-04,1.76,0.0284
2.7128e-04,1.72,0.0276
2.7136e-04,1.72,0.0276
2.7144e-04,1.72,0.0276
2.7152e-04,1.72,0.028
2.7160e-04,1.68,0.028
2.7168e-04,1.68,0.0284
2.7176e-04,1.68,0.0276
2.7184e-04,1.68,0.0272
2.7192e-04,1.64,0.0268
2.7200e-04,1.64,0.0276
2.7208e-04,1.64,0.028
2.7216e-04,1.6,0.0272
2.7224e-04,1.6,0.0272
2.7232e-04,1.6,0.0264
2.7240e-04,1.56,0.026
2.7248e-04,1.56,0.026
2.7256e-04,1.56,0.0256
2.7264e-04,1.52,0.0264
2.7272e-04,1.52,0.026
2.7280e-04,1.52,0.0256
2.7288e-04,1.48,0.0256
2.7296e-04,1.52,0.0252
2.7304e-04,1.48,0.0256
2.7312e-04,1.44,0.0256
2.7320e-04,1.44,0.0256
2.7328e-04,1.44,0.0248
2.7336e-04,1.44,0.0236
2.7344e-04,1.4,0.0236
2.7352e-04,1.4,0.0244
2.7360e-04,1.4,0.024
2.7368e-04,1.36,0.0244
2.7376e-04,1.36,0.0236
2.7384e-04,1.32,0.0232
2.7392e-04,1.32,0.0228
2.7400e-04,1.36,0.0236
2.7408e-04,1.28,0.024
2.7416e-04,1.28,0.024
2.7424e-04,1.28,0.0236
2.7432e-04,1.28,0.0232
2.7440e-04,1.28,0.0228
2.7448e-04,1.24,0.0228
2.7456e-04,1.2,0.0232
2.7464e-04,1.2,0.0232
2.7472e-04,1.16,0.0224
2.7480e-04,1.16,0.0224
2.7488e-04,1.16,0.0224
2.7496e-04,1.12,0.022
2.7504e-04,1.12,0.022
2.7512e-04,1.12,0.0228
2.7520e-04,1.08,0.0216
2.7528e-04,1.08,0.0216
2.7536e-04,1.04,0.0212
2.7544e-04,1.04,0.0212
2.7552e-04,1.04,0.0212
2.7560e-04,1,0.022
2.7568e-04,1,0.022
2.7576e-04,0.96,0.0212
2.7584e-04,1,0.0212
2.7592e-04,0.92,0.0204
2.7600e-04,0.92,0.0208
2.7608e-04,0.92,0.0212
2.7616e-04,0.88,0.0208
2.7624e-04,0.92,0.0212
2.7632e-04,0.88,0.0204
2.7640e-04,0.84,0.0204
2.7648e-04,0.84,0.0212
2.7656e-04,0.84,0.0204
2.7664e-04,0.8,0.0212
2.7672e-04,0.8,0.0204
2.7680e-04,0.76,0.0216
2.7688e-04,0.76,0.02
2.7696e-04,0.76,0.0196
2.7704e-04,0.76,0.02
2.7712e-04,0.72,0.0196
2.7720e-04,0.68,0.02
2.7728e-04,0.68,0.0196
2.7736e-04,0.64,0.0204
2.7744e-04,0.64,0.02
2.7752e-04,0.64,0.0192
2.7760e-04,0.6,0.0196
2.7768e-04,0.6,0.0196
2.7776e-04,0.56,0.0184
2.7784e-04,0.6,0.0192
2.7792e-04,0.56,0.0192
2.7800e-04,0.52,0.02
2.7808e-04,0.52,0.02
2.7816e-04,0.52,0.0196
2.7824e-04,0.48,0.0184
2.7832e-04,0.44,0.0188
2.7840e-04,0.44,0.0184
2.7848e-04,0.4,0.0188
2.7856e-04,0.4,0.0192
2.7864e-04,0.4,0.0192
2.7872e-04,0.36,0.0192
2.7880e-04,0.36,0.0192
2.7888e-04,0.36,0.0188
2.7896e-04,0.32,0.0188
2.7904e-04,0.32,0.0184
2.7912e-04,0.28,0.0192
2.7920e-04,0.28,0.0184
2.7928e-04,0.24,0.0188
2.7936e-04,0.24,0.018
2.7944e-04,0.2,0.0188
2.7952e-04,0.2,0.0188
2.7960e-04,0.2,0.0184
2.7968e-04,0.16,0.0188
2.7976e-04,0.16,0.018
2.7984e-04,0.12,0.018
2.7992e-04,0.12,0.018
2.8000e-04,0.08,0.0184
2.8008e-04,0.08,0.0188
2.8016e-04,0.08,0.018
2.8024e-04,0.04,0.0188
2.8032e-04,0,0.018
2.8040e-04,0,0.018
2.8048e-04,0,0.0184
2.8056e-04,0,0.0184
2.8064e-04,-0.04,0.0176
2.8072e-04,-0.04,0.0176
2.8080e-04,-0.04,0.0176
2.8088e-04,-0.08,0.0176
2.8096e-04,-0.08,0.018
2.8104e-04,-0.16,0.018
2.8112e-04,-0.12,0.018
2.8120e-04,-0.16,0.0172
2.8128e-04,-0.16,0.0168
2.8136e-04,-0.16,0.0172
2.8144e-04,-0.2,0.0172
2.8152e-04,-0.2,0.0172
2.8160e-04,-0.24,0.018
2.8168e-04,-0.24,0.0176
2.8176e-04,-0.28,0.0172
2.8184e-04,-0.28,0.0172
2.8192e-04,-0.28,0.0172
2.8200e-04,-0.32,0.0176
2.8208e-04,-0.36,0.0184
2.8216e-04,-0.36,0.0176
2.8224e-04,-0.36,0.0172
2.8232e-04,-0.4,0.0168
2.8240e-04,-0.4,0.0168
2.8248e-04,-0.4,0.0168
2.8256e-04,-0.48,0.0172
2.8264e-04,-0.44,0.0172
2.8272e-04,-0.48,0.0168
2.8280e-04,-0.48,0.016
2.8288e-04,-0.52,0.0164
2.8296e-04,-0.52,0.0164
2.8304e-04,-0.56,0.0172
2.8312e-04,-0.56,0.0176
2.8320e-04,-0.6,0.0172
2.8328e-04,-0.56,0.0156
2.8336e-04,-0.6,0.016
2.8344e-04,-0.64,0.016
2.8352e-04,-0.64,0.016
2.8360e-04,-0.64,0.0164
2.8368e-04,-0.68,0.0164
2.8376e-04,-0.68,0.016
2.8384e-04,-0.72,0.0152
2.8392e-04,-0.72,0.016
2.8400e-04,-0.72,0.0164
2.8408e-04,-0.76,0.016
2.8416e-04,-0.8,0.0164
2.8424e-04,-0.8,0.0164
2.8432e-04,-0.8,0.016
2.8440e-04,-0.84,0.0156
2.8448e-04,-0.88,0.016
2.8456e-04,-0.88,0.0164
2.8464e-04,-0.88,0.0152
2.8472e-04,-0.92,0.0156
2.8480e-04,-0.88,0.0152
2.8488e-04,-0.92,0.016
2.8496e-04,-0.92,0.016
2.8504e-04,-0.96,0.016
2.8512e-04,-0.96,0.0168
2.8520e-04,-1,0.016
2.8528e-04,-1,0.0164
2.8536e-04,-1,0.0164
2.8544e-04,-1,0.016
2.8552e-04,-1.04,0.0164
2.8560e-04,-1.04,0.0164
2.8568e-04,-1.04,0.0164
2.8576e-04,-1.08,0.016
2.8584e-04,-1.08,0.0156
2.8592e-04,-1.12,0.0156
2.8600e-04,-1.16,0.0164
2.8608e-04,-1.16,0.0168
2.8616e-04,-1.16,0.0168
2.8624e-04,-1.16,0.0164
2.8632e-04,-1.2,0.0156
2.8640e-04,-1.2,0.0152
2.8648e-04,-1.24,0.0156
2.8656e-04,-1.24,0.016
2.8664e-04,-1.24,0.0172
2.8672e-04,-1.24,0.0164
2.8680e-04,-1.28,0.0164
2.8688e-04,-1.28,0.0164
2.8696e-04,-1.28,0.016
2.8704e-04,-1.32,0.016
2.8712e-04,-1.32,0.016
2.8720e-04,-1.32,0.0164
2.8728e-04,-1.36,0.0156
2.8736e-04,-1.36,0.016
2.8744e-04,-1.36,0.0168
2.8752e-04,-1.4,0.0164
2.8760e-04,-1.4,0.0168
2.8768e-04,-1.44,0.0172
2.8776e-04,-1.44,0.0164
2.8784e-04,-1.44,0.016
2.8792e-04,-1.44,0.0156
2.8800e-04,-1.48,0.0164
2.8808e-04,-1.48,0.0164
2.8816e-04,-1.48,0.0172
2.8824e-04,-1.52,0.0172
2.8832e-04,-1.48,0.0172
2.8840e-04,-1.52,0.0168
2.8848e-04,-1.56,0.0172
2.8856e-04,-1.56,0.0176
2.8864e-04,-1.56,0.0172
2.8872e-04,-1.56,0.0172
2.8880e-04,-1.6,0.0172
2.8888e-04,-1.6,0.0168
2.8896e-04,-1.6,0.0168
2.8904e-04,-1.64,0.0172
2.8912e-04,-1.64,0.018
2.8920e-04,-1.64,0.0184
2.8928e-04,-1.68,0.018
2.8936e-04,-1.64,0.0176
2.8944e-04,-1.68,0.0176
2.8952e-04,-1.68,0.0176
2.8960e-04,-1.68,0.0188
2.8968e-04,-1.68,0.0192
2.8976e-04,-1.72,0.0188
2.8984e-04,-1.72,0.0192
2.8992e-04,-1.72,0.0184
2.9000e-04,-1.72,0.0188
2.9008e-04,-1.76,0.0188
2.9016e-04,-1.76,0.0192
2.9024e-04,-1.8,0.0192
2.9032e-04,-1.76,0.0188
2.9040e-04,-1.8,0.0192
2.9048e-04,-1.8,0.0192
2.9056e-04,-1.8,0.0196
2.9064e-04,-1.84,0.0192
2.9072e-04,-1.84,0.0192
2.9080e-04,-1.84,0.0188
2.9088e-04,-1.84,0.0196
2.9096e-04,-1.84,0.0196
2.9104e-04,-1.88,0.0192
2.9112e-04,-1.88,0.02
2.9120e-04,-1.88,0.0204
2.9128e-04,-1.88,0.0196
2.9136e-04,-1.88,0.0196
2.9144e-04,-1.88,0.0196
2.9152e-04,-1.92,0.0192
2.9160e-04,-1.92,0.02
2.9168e-04,-1.92,0.02
2.9176e-04,-1.96,0.02
2.9184e-04,-1.92,0.02
2.9192e-04,-1.96,0.0192
2.9200e-04,-1.96,0.0204
2.9208e-04,-1.96,0.0196
2.9216e-04,-2,0.0196
2.9224e-04,-2,0.0196
2.9232e-04,-2,0.0196
2.9240e-04,-2,0.0196
2.9248e-04,-2,0.0196
2.9256e-04,-2,0.02
2.9264e-04,-2,0.0196
2.9272e-04,-2,0.0188
2.9280e-04,-2,0.0192
2.9288e-04,-2.04,0.0192
2.9296e-04,-2,0.0192
2.9304e-04,-2.04,0.0192
2.9312e-04,-2.04,0.0196
2.9320e-04,-2.04,0.0192
2.9328e-04,-2.04,0.0184
2.9336e-04,-2.04,0.0188
2.9344e-04,-2.04,0.0188
2.9352e-04,-2.08,0.0188
2.9360e-04,-2.08,0.0192
2.9368e-04,-2.08,0.0188
2.9376e-04,-2.08,0.018
2.9384e-04,-2.08,0.0176
2.9392e-04,-2.08,0.018
2.9400e-04,-2.08,0.0184
2.9408e-04,-2.08,0.0188
2.9416e-04,-2.12,0.0192
2.9424e-04,-2.12,0.018
2.9432e-04,-2.12,0.0176
2.9440e-04,-2.12,0.0172
2.9448e-04,-2.12,0.0172
2.9456e-04,-2.08,0.0176
2.9464e-04,-2.12,0.0176
2.9472e-04,-2.12,0.018
2.9480e-04,-2.12,0.0176
2.9488e-04,-2.12,0.0176
2.9496e-04,-2.12,0.0172
2.9504e-04,-2.12,0.018
2.9512e-04,-2.12,0.018
2.9520e-04,-2.12,0.018
2.9528e-04,-2.12,0.0176
2.9536e-04,-2.12,0.0168
2.9544e-04,-2.12,0.0176
2.9552e-04,-2.12,0.0172
2.9560e-04,-2.12,0.0176
2.9568e-04,-2.12,0.0176
2.9576e-04,-2.12,0.0168
2.9584e-04,-2.12,0.0132
2.9592e-04,-2.12,0.0148
2.9600e-04,-2.12,0.0168
2.9608e-04,-2.12,0.0184
2.9616e-04,-2.12,0.02
2.9624e-04,-2.12,0.0236
2.9632e-04,-2.12,0.024
2.9640e-04,-2.12,0.0256
2.9648e-04,-2.12,0.0252
2.9656e-04,-2.12,0.026
2.9664e-04,-2.12,0.0268
2.9672e-04,-2.12,0.0272
2.9680e-04,-2.12,0.0276
2.9688e-04,-2.12,0.028
2.9696e-04,-2.12,0.028
2.9704e-04,-2.12,0.0284
2.9712e-04,-2.12,0.0288
2.9720e-04,-2.08,0.0284
2.9728e-04,-2.08,0.028
2.9736e-04,-2.08,0.0284
2.9744e-04,-2.12,0.0292
2.9752e-04,-2.08,0.0296
2.9760e-04,-2.08,0.0304
2.9768e-04,-2.08,0.0304
2.9776e-04,-2.08,0.03
2.9784e-04,-2.08,0.0304
2.9792e-04,-2.08,0.03
2.9800e-04,-2.08,0.0304
2.9808e-04,-2.08,0.0304
2.9816e-04,-2.08,0.0304
2.9824e-04,-2.08,0.0304
2.9832e-04,-2.04,0.0304
2.9840e-04,-2.04,0.0308
2.9848e-04,-2.04,0.0308
2.9856e-04,-2.04,0.0312
2.9864e-04,-2.04,0.03
2.9872e-04,-2.04,0.03
2.9880e-04,-2.04,0.0292
2.9888e-04,-2,0.0296
2.9896e-04,-2,0.0296
2.9904e-04,-2.04,0.03
2.9912e-04,-2,0.03
2.9920e-04,-1.96,0.03
2.9928e-04,-2,0.0296
2.9936e-04,-1.96,0.03
2.9944e-04,-1.96,0.0304
2.9952e-04,-1.96,0.0296
2.9960e-04,-1.96,0.0296
2.9968e-04,-1.96,0.0296
2.9976e-04,-1.96,0.0284
2.9984e-04,-1.92,0.0288
2.9992e-04,-1.92,0.0284
3.0000e-04,-1.92,0.0292
3.0008e-04,-1.92,0.0288
3.0016e-04,-1.92,0.0292
3.0024e-04,-1.92,0.0292
3.0032e-04,-1.88,0.0284
3.0040e-04,-1.92,0.0284
3.0048e-04,-1.88,0.0288
3.0056e-04,-1.88,0.0288
3.0064e-04,-1.88,0.0288
3.0072e-04,-1.84,0.0288
3.0080e-04,-1.84,0.0284
3.0088e-04,-1.84,0.0288
3.0096e-04,-1.84,0.028
3.0104e-04,-1.8,0.0284
3.0112e-04,-1.84,0.0288
3.0120e-04,-1.8,0.0284
3.0128e-04,-1.8,0.028
3.0136e-04,-1.76,0.028
3.0144e-04,-1.76,0.028
3.0152e-04,-1.76,0.0284
3.0160e-04,-1.76,0.0284
3.0168e-04,-1.76,0.0288
3.0176e-04,-1.76,0.028
3.0184e-04,-1.72,0.028
3.0192e-04,-1.72,0.028
3.0200e-04,-1.72,0.0288
3.0208e-04,-1.68,0.0284
3.0216e-04,-1.68,0.0288
3.0224e-04,-1.68,0.0284
3.0232e-04,-1.68,0.028
3.0240e-04,-1.64,0.028
3.0248e-04,-1.64,0.0284
3.0256e-04,-1.64,0.0288
3.0264e-04,-1.6,0.0292
3.0272e-04,-1.64,0.0296
3.0280e-04,-1.6,0.0292
3.0288e-04,-1.6,0.0292
3.0296e-04,-1.56,0.0296
3.0304e-04,-1.56,0.0296
3.0312e-04,-1.56,0.0304
3.0320e-04,-1.52,0.0296
3.0328e-04,-1.52,0.03
3.0336e-04,-1.56,0.03
3.0344e-04,-1.48,0.03
3.0352e-04,-1.48,0.03
3.0360e-04,-1.48,0.0304
3.0368e-04,-1.48,0.0308
3.0376e-04,-1.48,0.0308
3.0384e-04,-1.44,0.0304
3.0392e-04,-1.44,0.03

