"Time (s) Run #5","Temperature (Â°C) Run #5"
0.000,24.1
0.500,24.1
1.000,24.1
1.500,24.1
2.000,24.1
2.500,24.1
3.000,24.1
3.500,24.1
4.000,24.1
4.500,24.1
5.000,24.1
5.500,24.1
6.000,24.1
6.500,24.1
7.000,24.1
7.500,24.1
8.000,24.1
8.500,24.1
9.000,24.1
9.500,24.1
10.000,24.1
10.500,24.1
11.000,24.1
11.500,24.1
12.000,24.1
12.500,24.1
13.000,24.1
13.500,24.1
14.000,24.1
14.500,24.1
15.000,24.1
15.500,24.1
16.000,24.1
16.500,24.1
17.000,24.1
17.500,24.1
18.000,24.1
18.500,24.1
19.000,24.1
19.500,24.1
20.000,24.1
20.500,24.1
21.000,24.1
21.500,24.1
22.000,24.1
22.500,24.1
23.000,24.1
23.500,24.1
24.000,24.1
24.500,24.1
25.000,24.1
25.500,24.1
26.000,24.1
26.500,24.1
27.000,24.1
27.500,24.1
28.000,24.1
28.500,24.1
29.000,24.1
29.500,24.1
30.000,24.1
30.500,24.1
31.000,24.1
31.500,24.2
32.000,24.2
32.500,24.2
33.000,24.2
33.500,24.2
34.000,24.2
34.500,24.2
35.000,24.2
35.500,24.2
36.000,24.2
36.500,24.1
37.000,24.1
37.500,24.2
38.000,25.4
38.500,28.3
39.000,30.6
39.500,31.6
40.000,31.9
40.500,34.7
41.000,44.6
41.500,53.2
42.000,60.1
42.500,65.4
43.000,69.4
43.500,72.1
44.000,74.3
44.500,76.1
45.000,77.4
45.500,78.6
46.000,79.8
46.500,80.7
47.000,81.6
47.500,82.3
48.000,82.9
48.500,83.4
49.000,83.7
49.500,84.1
50.000,84.5
50.500,84.8
51.000,85.1
51.500,85.3
52.000,85.5
52.500,85.7
53.000,85.9
53.500,86.1
54.000,86.3
54.500,86.6
55.000,86.7
55.500,86.9
56.000,87.0
56.500,87.1
57.000,87.2
57.500,87.3
58.000,87.4
58.500,87.4
59.000,87.5
59.500,87.5
60.000,87.6
60.500,87.7
61.000,87.7
61.500,87.8
62.000,87.8
62.500,87.9
63.000,88.0
63.500,88.1
64.000,88.1
64.500,88.2
65.000,88.3
65.500,88.4
66.000,88.5
66.500,88.5
67.000,88.6
67.500,88.6
68.000,88.6
68.500,88.7
69.000,88.7
69.500,88.7
70.000,88.7
70.500,88.7
71.000,88.8
71.500,88.8
72.000,88.8
72.500,88.8
73.000,88.8
73.500,88.8
74.000,88.9
74.500,88.9
75.000,89.0
75.500,89.0
76.000,89.1
76.500,89.1
77.000,89.1
77.500,89.1
78.000,89.1
78.500,89.1
79.000,89.1
79.500,89.1
80.000,89.1
80.500,89.1
81.000,89.1
81.500,89.2
82.000,89.2
82.500,89.2
83.000,89.2
83.500,89.2
84.000,89.2
84.500,89.2
85.000,89.2
85.500,89.2
86.000,89.2
86.500,89.1
87.000,89.1
87.500,89.1
88.000,89.1
88.500,89.1
89.000,89.1
89.500,89.2
90.000,89.2
90.500,89.2
91.000,89.2
91.500,89.2
92.000,89.2
92.500,89.2
93.000,89.2
93.500,89.2
94.000,89.2
94.500,89.2
95.000,89.2
95.500,89.2
96.000,89.2
96.500,89.2
97.000,89.3
97.500,89.3
98.000,89.3
98.500,89.3
99.000,89.3
99.500,89.3
100.000,89.4
100.500,89.4
101.000,89.4
101.500,89.4
102.000,89.3
102.500,89.3
103.000,89.3
103.500,89.3
104.000,89.3
104.500,89.3
105.000,89.3
105.500,89.3
106.000,89.3
106.500,89.3
107.000,89.3
107.500,89.3
108.000,89.3
108.500,89.3
109.000,89.3
109.500,89.3
110.000,89.3
110.500,89.2
111.000,89.2
111.500,89.2
112.000,89.2
112.500,89.2
113.000,89.2
113.500,89.2
114.000,89.2
114.500,89.2
115.000,89.1
115.500,89.1
116.000,89.1
116.500,89.1
117.000,89.1
117.500,89.1
118.000,89.1
118.500,89.1
119.000,89.1
119.500,89.1
120.000,89.1
120.500,89.1
121.000,89.1
121.500,89.1
122.000,89.1
122.500,89.1
123.000,89.1
123.500,89.1
124.000,89.1
124.500,89.1
125.000,89.1
125.500,89.1
126.000,89.1
126.500,89.1
127.000,89.1
127.500,89.1
128.000,89.1
128.500,89.0
129.000,89.0
129.500,89.0
130.000,89.0
130.500,89.0
131.000,88.9
131.500,88.9
132.000,88.9
132.500,88.9
133.000,88.9
133.500,88.9
134.000,88.9
134.500,88.9
135.000,88.9
135.500,88.9
136.000,88.9
136.500,88.9
137.000,88.9
137.500,88.9
138.000,88.9
138.500,88.9
139.000,88.9
139.500,88.9
140.000,88.9
140.500,88.9
141.000,88.9
141.500,88.9
142.000,88.9
142.500,88.8
143.000,88.8
143.500,88.8
144.000,88.8
144.500,88.8
145.000,88.8
145.500,88.7
146.000,88.7
146.500,88.7
147.000,88.7
147.500,88.7
148.000,88.7
148.500,88.7
149.000,88.7
149.500,88.7
150.000,88.7
150.500,88.7
151.000,88.7
151.500,88.7
152.000,88.7
152.500,88.7
153.000,88.7
153.500,88.7
154.000,88.7
154.500,88.7
155.000,88.6
155.500,88.6
156.000,88.6
156.500,88.6
157.000,88.6
157.500,88.6
158.000,88.6
158.500,88.6
159.000,88.6
159.500,88.6
160.000,88.6
160.500,88.6
161.000,88.6
161.500,88.6
162.000,88.6
162.500,88.6
163.000,88.6
163.500,88.6
164.000,88.5
164.500,88.5
165.000,88.5
165.500,88.5
166.000,88.5
166.500,88.5
167.000,88.5
167.500,88.5
168.000,88.5
168.500,88.5
169.000,88.5
169.500,88.5
170.000,88.5
170.500,88.4
171.000,88.4
171.500,88.4
172.000,88.4
172.500,88.4
173.000,88.4
173.500,88.4
174.000,88.4
174.500,88.4
175.000,88.3
175.500,88.3
176.000,88.3
176.500,88.3
177.000,88.3
177.500,88.3
178.000,88.3
178.500,88.3
179.000,88.3
179.500,88.3
180.000,88.3
180.500,88.3
181.000,88.3
181.500,88.3
182.000,88.3
182.500,88.3
183.000,88.3
183.500,88.3
184.000,88.3
184.500,88.3
185.000,88.3
185.500,88.3
186.000,88.3
186.500,88.3
187.000,88.2
187.500,88.2
188.000,88.2
188.500,88.2
189.000,88.2
189.500,88.2
190.000,88.2
190.500,88.2
191.000,88.2
191.500,88.2
192.000,88.2
192.500,88.2
193.000,88.2
193.500,88.2
194.000,88.2
194.500,88.2
195.000,88.2
195.500,88.1
196.000,88.1
196.500,88.1
197.000,88.1
197.500,88.1
198.000,88.1
198.500,88.1
199.000,88.1
199.500,88.1
200.000,88.1
200.500,88.1
201.000,88.1
201.500,88.1
202.000,88.0
202.500,88.0
203.000,88.0
203.500,88.0
204.000,88.0
204.500,88.0
205.000,88.0
205.500,88.0
206.000,88.0
206.500,88.0
207.000,88.0
207.500,88.0
208.000,88.0
208.500,88.0
209.000,88.0
209.500,88.0
210.000,88.0
210.500,88.0
211.000,88.0
211.500,88.0
212.000,88.0
212.500,87.9
213.000,87.9
213.500,87.9
214.000,87.9
214.500,87.9
215.000,87.9
215.500,87.9
216.000,87.9
216.500,87.9
217.000,87.9
217.500,87.9
218.000,87.9
218.500,87.9
219.000,87.9
219.500,87.9
220.000,87.9
220.500,87.9
221.000,87.9
221.500,87.9
222.000,87.9
222.500,87.9
223.000,87.8
223.500,87.8
224.000,87.8
224.500,87.8
225.000,87.8
225.500,87.8
226.000,87.8
226.500,87.8
227.000,87.8
227.500,87.8
228.000,87.8
228.500,87.8
229.000,87.8
229.500,87.7
230.000,87.7
230.500,87.7
231.000,87.7
231.500,87.7
232.000,87.7
232.500,87.7
233.000,87.7
233.500,87.7
234.000,87.7
234.500,87.7
235.000,87.7
235.500,87.7
236.000,87.7
236.500,87.7
237.000,87.7
237.500,87.7
238.000,87.7
238.500,87.7
239.000,87.7
239.500,87.6
240.000,87.6
240.500,87.6
241.000,87.6
241.500,87.6
242.000,87.6
242.500,87.6
243.000,87.6
243.500,87.6
244.000,87.6
244.500,87.6
245.000,87.6
245.500,87.6
246.000,87.6
246.500,87.5
247.000,87.5
247.500,87.5
248.000,87.5
248.500,87.5
249.000,87.5
249.500,87.5
250.000,87.5
250.500,87.5
251.000,87.5
251.500,87.5
252.000,87.5
252.500,87.5
253.000,87.5
253.500,87.5
254.000,87.4
254.500,87.4
255.000,87.4
255.500,87.4
256.000,87.4
256.500,87.4
257.000,87.4
257.500,87.4
258.000,87.4
258.500,87.4
259.000,87.4
259.500,87.4
260.000,87.4
260.500,87.3
261.000,87.3
261.500,87.3
262.000,87.3
262.500,87.3
263.000,87.3
263.500,87.3
264.000,87.3
264.500,87.2
265.000,87.2
265.500,87.2
266.000,87.2
266.500,87.2
267.000,87.2
267.500,87.2
268.000,87.2
268.500,87.2
269.000,87.2
269.500,87.2
270.000,87.2
270.500,87.2
271.000,87.2
271.500,87.2
272.000,87.2
272.500,87.2
273.000,87.2
273.500,87.2
274.000,87.2
274.500,87.2
275.000,87.2
275.500,87.2
276.000,87.2
276.500,87.2
277.000,87.2
277.500,87.2
278.000,87.2
278.500,87.2
279.000,87.2
279.500,87.2
280.000,87.2
280.500,87.2
281.000,87.2
281.500,87.2
282.000,87.2
282.500,87.2
283.000,87.2
283.500,87.2
284.000,87.2
284.500,87.2
285.000,87.2
285.500,87.2
286.000,87.2
286.500,87.1
287.000,87.1
287.500,87.1
288.000,87.1
288.500,87.1
289.000,87.1
289.500,87.1
290.000,87.1
290.500,87.1
291.000,87.1
291.500,87.1
292.000,87.1
292.500,87.1
293.000,87.1
293.500,87.1
294.000,87.1
294.500,87.1
295.000,87.1
295.500,87.1
296.000,87.1
296.500,87.1
297.000,87.1
297.500,87.1
298.000,87.1
298.500,87.0
299.000,87.0
299.500,87.0
300.000,87.0
300.500,87.0
301.000,87.0
301.500,87.0
302.000,87.0
302.500,87.0
303.000,87.0
303.500,87.0
304.000,87.0
304.500,87.0
305.000,86.9
305.500,86.9
306.000,86.9
306.500,86.9
307.000,86.9
307.500,86.9
308.000,86.9
308.500,86.9
309.000,86.9
309.500,86.9
310.000,86.9
310.500,86.9
311.000,86.9
311.500,86.9
312.000,86.9
312.500,86.8
313.000,86.8
313.500,86.8
314.000,86.8
314.500,86.8
315.000,86.8
315.500,86.8
316.000,86.8
316.500,86.8
317.000,86.8
317.500,86.8
318.000,86.8
318.500,86.8
319.000,86.8
319.500,86.8
320.000,86.8
320.500,86.8
321.000,86.8
321.500,86.8
322.000,86.7
322.500,86.7
323.000,86.7
323.500,86.7
324.000,86.7
324.500,86.7
325.000,86.7
325.500,86.7
326.000,86.7
326.500,86.7
327.000,86.7
327.500,86.7
328.000,86.7
328.500,86.6
329.000,86.6
329.500,86.6
330.000,86.7
330.500,86.7
331.000,86.7
331.500,86.7
332.000,86.7
332.500,86.7
333.000,86.7
333.500,86.7
334.000,86.7
334.500,86.7
335.000,86.7
335.500,86.7
336.000,86.7
336.500,86.7
337.000,86.7
337.500,86.7
338.000,86.7
338.500,86.7
339.000,86.7
339.500,86.7
340.000,86.7
340.500,86.7
341.000,86.7
341.500,86.7
342.000,86.7
342.500,86.7
343.000,86.7
343.500,86.7
344.000,86.6
344.500,86.6
345.000,86.6
345.500,86.6
346.000,86.6
346.500,86.6
347.000,86.6
347.500,86.6
348.000,86.6
348.500,86.6
349.000,86.6
349.500,86.6
350.000,86.6
350.500,86.6
351.000,86.6
351.500,86.6
352.000,86.6
352.500,86.5
353.000,86.5
353.500,86.5
354.000,86.5
354.500,86.5
355.000,86.5
355.500,86.5
356.000,86.5
356.500,86.5
357.000,86.5
357.500,86.5
358.000,86.5
358.500,86.5
359.000,86.5
359.500,86.5
360.000,86.5
360.500,86.4
361.000,86.4
361.500,86.4
362.000,86.4
362.500,86.4
363.000,86.4
363.500,86.4
364.000,86.4
364.500,86.4
365.000,86.4
365.500,86.4
366.000,86.4
366.500,86.4
367.000,86.4
367.500,86.4
368.000,86.4
368.500,86.4
369.000,86.4
369.500,86.4
370.000,86.4
370.500,86.4
371.000,86.4
371.500,86.4
372.000,86.4
372.500,86.4
373.000,86.4
373.500,86.4
374.000,86.4
374.500,86.4
375.000,86.4
375.500,86.4
376.000,86.4
376.500,86.4
377.000,86.4
377.500,86.4
378.000,86.3
378.500,86.3
379.000,86.3
379.500,86.3
380.000,86.3
380.500,86.3
381.000,86.3
381.500,86.3
382.000,86.3
382.500,86.3
383.000,86.2
383.500,86.2
384.000,86.2
384.500,86.2
385.000,86.2
385.500,86.2
386.000,86.2
386.500,86.2
387.000,86.2
387.500,86.2
388.000,86.2
388.500,86.2
389.000,86.2
389.500,86.2
390.000,86.2
390.500,86.2
391.000,86.2
391.500,86.2
392.000,86.2
392.500,86.2
393.000,86.2
393.500,86.2
394.000,86.2
394.500,86.2
395.000,86.2
395.500,86.2
396.000,86.2
396.500,86.2
397.000,86.2
397.500,86.2
398.000,86.2
398.500,86.2
399.000,86.2
399.500,86.2
400.000,86.2
400.500,86.2
401.000,86.2
401.500,86.1
402.000,86.1
402.500,86.1
403.000,86.1
403.500,86.1
404.000,86.1
404.500,86.1
405.000,86.1
405.500,86.1
406.000,86.1
406.500,86.1
407.000,86.1
407.500,86.1
408.000,86.1
408.500,86.1
409.000,86.1
409.500,86.1
410.000,86.1
410.500,86.1
411.000,86.1
411.500,86.1
412.000,86.1
412.500,86.1
413.000,86.1
413.500,86.1
414.000,86.1
414.500,86.1
415.000,86.1
415.500,86.1
416.000,86.0
416.500,86.0
417.000,86.0
417.500,86.0
418.000,86.0
418.500,86.0
419.000,86.0
419.500,86.0
420.000,86.0
420.500,86.0
421.000,86.0
421.500,86.0
422.000,86.0
422.500,86.0
423.000,86.0
423.500,86.0
424.000,86.0
424.500,86.0
425.000,86.0
425.500,86.0
426.000,86.0
426.500,86.0
427.000,86.0
427.500,86.0
428.000,86.0
428.500,86.0
429.000,86.0
429.500,86.0
430.000,86.0
430.500,86.0
431.000,86.0
431.500,86.0
432.000,86.0
432.500,86.0
433.000,86.0
433.500,86.0
434.000,86.0
434.500,86.0
435.000,86.0
435.500,86.0
436.000,86.0
436.500,86.0
437.000,86.0
437.500,86.0
438.000,86.0
438.500,85.9
439.000,85.9
439.500,85.9
440.000,85.9
440.500,85.9
441.000,85.9
441.500,85.9
442.000,85.9
442.500,85.9
443.000,85.9
443.500,85.9
444.000,85.8
444.500,85.8
445.000,85.8
445.500,85.8
446.000,85.8
446.500,85.8
447.000,85.8
447.500,85.8
448.000,85.8
448.500,85.7
449.000,85.7
449.500,85.7
450.000,85.7
450.500,85.7
451.000,85.7
451.500,85.7
452.000,85.7
452.500,85.7
453.000,85.7
453.500,85.7
454.000,85.7
454.500,85.7
455.000,85.7
455.500,85.7
456.000,85.7
456.500,85.7
457.000,85.7
457.500,85.7
458.000,85.7
458.500,85.7
459.000,85.7
459.500,85.7
460.000,85.7
460.500,85.7
461.000,85.7
461.500,85.7
462.000,85.7
462.500,85.7
463.000,85.6
463.500,85.6
464.000,85.6
464.500,85.6
465.000,85.6
465.500,85.6
466.000,85.6
466.500,85.6
467.000,85.6
467.500,85.6
468.000,85.6
468.500,85.6
469.000,85.5
469.500,85.5
470.000,85.5
470.500,85.5
471.000,85.5
471.500,85.5
472.000,85.5
472.500,85.5
473.000,85.5
473.500,85.5
474.000,85.5
474.500,85.5
475.000,85.5
475.500,85.5
476.000,85.5
476.500,85.5
477.000,85.5
477.500,85.5
478.000,85.5
478.500,85.5
479.000,85.5
479.500,85.5
480.000,85.5
480.500,85.5
481.000,85.5
481.500,85.5
482.000,85.5
482.500,85.5
483.000,85.5
483.500,85.5
484.000,85.5
484.500,85.5
485.000,85.5
485.500,85.5
486.000,85.5
486.500,85.5
487.000,85.5
487.500,85.5
488.000,85.5
488.500,85.5
489.000,85.5
489.500,85.5
490.000,85.5
490.500,85.5
491.000,85.5
491.500,85.5
492.000,85.5
492.500,85.5
493.000,85.5
493.500,85.5
494.000,85.5
494.500,85.5
495.000,85.5
495.500,85.5
496.000,85.5
496.500,85.4
497.000,85.4
497.500,85.4
498.000,85.4
498.500,85.4
499.000,85.4
499.500,85.4
500.000,85.4
500.500,85.4
501.000,85.4
501.500,85.4
502.000,85.4
502.500,85.4
503.000,85.4
503.500,85.4
504.000,85.4
504.500,85.4
505.000,85.4
505.500,85.4
506.000,85.4
506.500,85.4
507.000,85.4
507.500,85.4
508.000,85.3
508.500,85.3
509.000,85.3
509.500,85.3
510.000,85.3
510.500,85.3
511.000,85.3
511.500,85.3
512.000,85.3
512.500,85.3
513.000,85.3
513.500,85.3
514.000,85.3
514.500,85.3
515.000,85.3
515.500,85.3
516.000,85.3
516.500,85.3
517.000,85.3
517.500,85.3
518.000,85.3
518.500,85.3
519.000,85.3
519.500,85.3
520.000,85.3
520.500,85.3
521.000,85.3
521.500,85.3
522.000,85.3
522.500,85.2
523.000,85.2
523.500,85.2
524.000,85.2
524.500,85.2
525.000,85.2
525.500,85.2
526.000,85.2
526.500,85.2
527.000,85.2
527.500,85.2
528.000,85.2
528.500,85.2
529.000,85.2
529.500,85.2
530.000,85.2
530.500,85.2
531.000,85.2
531.500,85.2
532.000,85.2
532.500,85.2
533.000,85.2
533.500,85.2
534.000,85.2
534.500,85.2
535.000,85.2
535.500,85.2
536.000,85.2
536.500,85.2
537.000,85.2
537.500,85.2
538.000,85.2
538.500,85.2
539.000,85.2
539.500,85.2
540.000,85.2
540.500,85.2
541.000,85.2
541.500,85.2
542.000,85.2
542.500,85.1
543.000,85.1
543.500,85.1
544.000,85.1
544.500,85.1
545.000,85.1
545.500,85.1
546.000,85.1
546.500,85.1
547.000,85.1
547.500,85.1
548.000,85.1
548.500,85.1
549.000,85.1
549.500,85.1
550.000,85.1
550.500,85.1
551.000,85.1
551.500,85.1
552.000,85.1
552.500,85.1
553.000,85.1
553.500,85.1
554.000,85.1
554.500,85.1
555.000,85.1
555.500,85.1
556.000,85.1
556.500,85.1
557.000,85.1
557.500,85.1
558.000,85.1
558.500,85.0
559.000,85.0
559.500,85.0
560.000,85.0
560.500,85.0
561.000,85.0
561.500,85.0
562.000,85.0
562.500,85.0
563.000,85.0
563.500,85.0
564.000,85.0
564.500,85.0
565.000,85.0
565.500,85.0
566.000,85.0
566.500,85.0
567.000,85.0
567.500,85.0
568.000,85.0
568.500,85.0
569.000,84.9
569.500,84.9
570.000,84.9
570.500,84.9
571.000,84.9
571.500,84.9
572.000,84.9
572.500,84.9
573.000,84.9
573.500,84.9
574.000,84.9
574.500,84.9
575.000,84.9
575.500,84.9
576.000,84.9
576.500,84.9
577.000,84.9
577.500,84.9
578.000,84.9
578.500,84.9
579.000,84.9
579.500,84.8
580.000,84.8
580.500,84.8
581.000,84.8
581.500,84.8
582.000,84.8
582.500,84.8
583.000,84.8
583.500,84.8
584.000,84.8
584.500,84.8
585.000,84.8
585.500,84.8
586.000,84.8
586.500,84.8
587.000,84.8
587.500,84.8
588.000,84.8
588.500,84.8
589.000,84.8
589.500,84.8
590.000,84.8
590.500,84.8
591.000,84.8
591.500,84.8
592.000,84.8
592.500,84.8
593.000,84.8
593.500,84.8
594.000,84.8
594.500,84.8
595.000,84.8
595.500,84.8
596.000,84.8
596.500,84.8
597.000,84.8
597.500,84.8
598.000,84.8
598.500,84.8
599.000,84.8
599.500,84.8
600.000,84.8
600.500,84.8
601.000,84.8
601.500,84.8
602.000,84.8
602.500,84.8
603.000,84.7
603.500,84.7
604.000,84.7
604.500,84.7
605.000,84.7
605.500,84.7
606.000,84.7
606.500,84.7
607.000,84.7
607.500,84.7
608.000,84.7
608.500,84.7
609.000,84.7
609.500,84.7
610.000,84.7
610.500,84.7
611.000,84.7
611.500,84.6
612.000,84.6
612.500,84.6
613.000,84.6
613.500,84.6
614.000,84.6
614.500,84.6
615.000,84.6
615.500,84.6
616.000,84.6
616.500,84.6
617.000,84.6
617.500,84.6
618.000,84.6
618.500,84.6
619.000,84.6
619.500,84.6
620.000,84.6
620.500,84.6
621.000,84.6
621.500,84.6
622.000,84.6
622.500,84.6
623.000,84.5
623.500,84.5
624.000,84.5
624.500,84.5
625.000,84.5
625.500,84.5
626.000,84.5
626.500,84.5
627.000,84.5
627.500,84.5
628.000,84.5
628.500,84.5
629.000,84.5
629.500,84.5
630.000,84.5
630.500,84.5
631.000,84.5
631.500,84.5
632.000,84.5
632.500,84.5
633.000,84.5
633.500,84.5
634.000,84.5
634.500,84.5
635.000,84.5
635.500,84.5
636.000,84.5
636.500,84.5
637.000,84.5
637.500,84.5
638.000,84.5
638.500,84.5
639.000,84.5
639.500,84.5
640.000,84.5
640.500,84.5
641.000,84.5
641.500,84.5
642.000,84.5
642.500,84.5
643.000,84.5
643.500,84.5
644.000,84.5
644.500,84.5
645.000,84.5
645.500,84.5
646.000,84.5
646.500,84.5
647.000,84.5
647.500,84.5
648.000,84.5
648.500,84.5
649.000,84.5
649.500,84.5
650.000,84.5
650.500,84.5
651.000,84.4
651.500,84.4
652.000,84.4
652.500,84.4
653.000,84.4
653.500,84.4
654.000,84.4
654.500,84.4
655.000,84.4
655.500,84.4
656.000,84.4
656.500,84.4
657.000,84.4
657.500,84.4
658.000,84.4
658.500,84.4
659.000,84.4
659.500,84.4
660.000,84.3
660.500,84.3
661.000,84.3
661.500,84.3
662.000,84.3
662.500,84.3
663.000,84.3
663.500,84.3
664.000,84.3
664.500,84.3
665.000,84.3
665.500,84.3
666.000,84.3
666.500,84.3
667.000,84.3
667.500,84.3
668.000,84.3
668.500,84.3
669.000,84.3
669.500,84.3
670.000,84.3
670.500,84.3
671.000,84.3
671.500,84.3
672.000,84.3
672.500,84.3
673.000,84.3
673.500,84.3
674.000,84.3
674.500,84.3
675.000,84.3
675.500,84.3
676.000,84.3
676.500,84.3
677.000,84.3
677.500,84.2
678.000,84.2
678.500,84.2
679.000,84.2
679.500,84.2
680.000,84.2
680.500,84.2
681.000,84.2
681.500,84.2
682.000,84.2
682.500,84.2
683.000,84.2
683.500,84.2
684.000,84.2
684.500,84.2
685.000,84.2
685.500,84.2
686.000,84.2
686.500,84.2
687.000,84.2
687.500,84.2
688.000,84.2
688.500,84.2
689.000,84.2
689.500,84.2
690.000,84.2
690.500,84.2
691.000,84.2
691.500,84.1
692.000,84.1
692.500,84.1
693.000,84.1
693.500,84.1
694.000,84.1
694.500,84.1
695.000,84.1
695.500,84.1
696.000,84.1
696.500,84.1
697.000,84.1
697.500,84.1
698.000,84.1
698.500,84.1
699.000,84.1
699.500,84.1
700.000,84.1
700.500,84.1
701.000,84.1
701.500,84.1
702.000,84.1
702.500,84.1
703.000,84.1
703.500,84.1
704.000,84.1
704.500,84.1
705.000,84.1
705.500,84.1
706.000,84.1
706.500,84.1
707.000,84.1
707.500,84.1
708.000,84.1
708.500,84.1
709.000,84.1
709.500,84.1
710.000,84.1
710.500,84.1
711.000,84.1
711.500,84.1
712.000,84.1
712.500,84.1
713.000,84.1
713.500,84.1
714.000,84.1
714.500,84.0
715.000,84.0
715.500,84.0
716.000,84.0
716.500,84.0
717.000,84.0
717.500,84.0
718.000,84.0
718.500,84.0
719.000,84.0
719.500,84.0
720.000,84.0
720.500,84.0
721.000,84.0
721.500,84.0
722.000,84.0
722.500,84.0
723.000,84.0
723.500,84.0
724.000,84.0
724.500,84.0
725.000,84.0
725.500,84.0
726.000,84.0
726.500,84.0
727.000,84.0
727.500,83.9
728.000,83.9
728.500,83.9
729.000,83.9
729.500,83.9
730.000,83.9
730.500,83.9
731.000,83.9
731.500,83.9
732.000,83.9
732.500,83.9
733.000,83.9
733.500,83.9
734.000,83.9
734.500,83.9
735.000,83.9
735.500,83.9
736.000,83.9
736.500,83.9
737.000,83.9
737.500,83.9
738.000,83.9
738.500,83.9
739.000,83.9
739.500,83.9
740.000,83.9
740.500,83.9
741.000,83.9
741.500,83.9
742.000,83.9
742.500,83.9
743.000,83.9
743.500,83.9
744.000,83.9
744.500,83.8
745.000,83.8
745.500,83.8
746.000,83.8
746.500,83.8
747.000,83.8
747.500,83.8
748.000,83.8
748.500,83.8
749.000,83.8
749.500,83.8
750.000,83.8
750.500,83.8
751.000,83.8
751.500,83.8
752.000,83.8
752.500,83.8
753.000,83.8
753.500,83.8
754.000,83.8
754.500,83.8
755.000,83.8
755.500,83.8
756.000,83.8
756.500,83.8
757.000,83.8
757.500,83.8
758.000,83.8
758.500,83.8
759.000,83.8
759.500,83.8
760.000,83.8
760.500,83.8
761.000,83.8
761.500,83.8
762.000,83.8
762.500,83.8
763.000,83.8
763.500,83.8
764.000,83.8
764.500,83.8
765.000,83.8
765.500,83.7
766.000,83.7
766.500,83.7
767.000,83.7
767.500,83.7
768.000,83.7
768.500,83.7
769.000,83.7
769.500,83.7
770.000,83.7
770.500,83.7
771.000,83.7
771.500,83.7
772.000,83.7
772.500,83.7
773.000,83.7
773.500,83.7
774.000,83.7
774.500,83.7
775.000,83.7
775.500,83.7
776.000,83.7
776.500,83.6
777.000,83.6
777.500,83.6
778.000,83.6
778.500,83.6
779.000,83.6
779.500,83.6
780.000,83.6
780.500,83.6
781.000,83.6
781.500,83.6
782.000,83.6
782.500,83.6
783.000,83.6
783.500,83.6
784.000,83.6
784.500,83.6
785.000,83.6
785.500,83.6
786.000,83.6
786.500,83.6
787.000,83.6
787.500,83.5
788.000,83.5
788.500,83.5
789.000,83.5
789.500,83.5
790.000,83.5
790.500,83.5
791.000,83.5
791.500,83.5
792.000,83.5
792.500,83.5
793.000,83.5
793.500,83.5
794.000,83.5
794.500,83.5
795.000,83.5
795.500,83.5
796.000,83.5
796.500,83.5
797.000,83.5
797.500,83.5
798.000,83.5
798.500,83.5
799.000,83.5
799.500,83.5
800.000,83.5
800.500,83.5
801.000,83.5
801.500,83.5
802.000,83.5
802.500,83.5
803.000,83.5
803.500,83.5
804.000,83.5
804.500,83.5
805.000,83.5
805.500,83.5
806.000,83.5
806.500,83.5
807.000,83.5
807.500,83.5
808.000,83.5
808.500,83.5
809.000,83.5
809.500,83.5
810.000,83.5
810.500,83.4
811.000,83.4
811.500,83.4
812.000,83.4
812.500,83.4
813.000,83.4
813.500,83.4
814.000,83.4
814.500,83.4
815.000,83.4
815.500,83.4
816.000,83.4
816.500,83.4
817.000,83.4
817.500,83.4
818.000,83.4
818.500,83.4
819.000,83.4
819.500,83.4
820.000,83.4
820.500,83.4
821.000,83.4
821.500,83.4
822.000,83.4
822.500,83.4
823.000,83.4
823.500,83.4
824.000,83.4
824.500,83.4
825.000,83.4
825.500,83.4
826.000,83.4
826.500,83.4
827.000,83.4
827.500,83.4
828.000,83.4
828.500,83.4
829.000,83.4
829.500,83.4
830.000,83.4
830.500,83.4
831.000,83.4
831.500,83.4
832.000,83.4
832.500,83.4
833.000,83.4
833.500,83.4
834.000,83.4
834.500,83.4
835.000,83.3
835.500,83.3
836.000,83.3
836.500,83.3
837.000,83.3
837.500,83.3
838.000,83.3
838.500,83.3
839.000,83.3
839.500,83.3
840.000,83.3
840.500,83.3
841.000,83.3
841.500,83.3
842.000,83.3
842.500,83.3
843.000,83.3
843.500,83.3
844.000,83.3
844.500,83.2
845.000,83.2
845.500,83.2
846.000,83.2
846.500,83.2
847.000,83.2
847.500,83.2
848.000,83.2
848.500,83.2
849.000,83.2
849.500,83.2
850.000,83.2
850.500,83.2
851.000,83.2
851.500,83.2
852.000,83.2
852.500,83.2
853.000,83.2
853.500,83.2
854.000,83.2
854.500,83.2
855.000,83.2
855.500,83.1
856.000,83.1
856.500,83.1
857.000,83.1
857.500,83.1
858.000,83.1
858.500,83.1
859.000,83.1
859.500,83.1
860.000,83.1
860.500,83.1
861.000,83.1
861.500,83.1
862.000,83.1
862.500,83.1
863.000,83.1
863.500,83.1
864.000,83.1
864.500,83.1
865.000,83.1
865.500,83.1
866.000,83.1
866.500,83.1
867.000,83.1
867.500,83.1
868.000,83.1
868.500,83.1
869.000,83.1
869.500,83.1
870.000,83.1
870.500,83.1
871.000,83.1
871.500,83.1
872.000,83.1
872.500,83.1
873.000,83.1
873.500,83.1
874.000,83.1
874.500,83.1
875.000,83.1
875.500,83.1
876.000,83.1
876.500,83.1
877.000,83.1
877.500,83.1
878.000,83.1
878.500,83.1
879.000,83.1
879.500,83.1
880.000,83.1
880.500,83.1
881.000,83.1
881.500,83.1
882.000,83.1
882.500,83.1
883.000,83.1
883.500,83.1
884.000,83.1
884.500,83.1
885.000,83.1
885.500,83.1
886.000,83.1
886.500,83.1
887.000,83.1
887.500,83.1
888.000,83.1
888.500,83.1
889.000,83.1
889.500,83.1
890.000,83.1
890.500,83.1
891.000,83.0
891.500,83.0
892.000,83.0
892.500,83.0
893.000,83.0
893.500,83.0
894.000,83.0
894.500,83.0
895.000,83.0
895.500,83.0
896.000,83.0
896.500,83.0
897.000,83.0
897.500,83.0
898.000,83.0
898.500,83.0
899.000,83.0
899.500,83.0
900.000,83.0
900.500,83.0
901.000,83.0
901.500,83.0
902.000,83.0
902.500,83.0
903.000,83.0
903.500,83.0
904.000,83.0
904.500,83.0
905.000,83.0
905.500,82.9
906.000,82.9
906.500,82.9
907.000,82.9
907.500,82.9
908.000,82.9
908.500,82.9
909.000,82.9
909.500,82.9
910.000,82.9
910.500,82.9
911.000,82.9
911.500,82.9
912.000,82.9
912.500,82.9
913.000,82.9
913.500,82.9
914.000,82.9
914.500,82.9
915.000,82.9
915.500,82.9
916.000,82.9
916.500,82.9
917.000,82.9
917.500,82.9
918.000,82.9
918.500,82.9
919.000,82.9
919.500,82.9
920.000,82.9
920.500,82.9
921.000,82.9
921.500,82.9
922.000,82.9
922.500,82.9
923.000,82.9
923.500,82.9
924.000,82.9
924.500,82.9
925.000,82.9
925.500,82.9
926.000,82.9
926.500,82.9
927.000,82.8
927.500,82.8
928.000,82.8
928.500,82.8
929.000,82.8
929.500,82.8
930.000,82.8
930.500,82.8
931.000,82.8
931.500,82.8
932.000,82.8
932.500,82.8
933.000,82.8
933.500,82.8
934.000,82.8
934.500,82.8
935.000,82.8
935.500,82.8
936.000,82.8
936.500,82.8
937.000,82.8
937.500,82.8
938.000,82.7
938.500,82.7
939.000,82.7
939.500,82.7
940.000,82.8
940.500,82.8
941.000,82.8
941.500,82.8
942.000,82.8
942.500,82.8
943.000,82.7
943.500,82.7
944.000,82.7
944.500,82.7
945.000,82.7
945.500,82.7
946.000,82.7
946.500,82.7
947.000,82.7
947.500,82.7
948.000,82.7
948.500,82.7
949.000,82.7
949.500,82.7
950.000,82.7
950.500,82.7
951.000,82.7
951.500,82.7
952.000,82.7
952.500,82.7
953.000,82.7
953.500,82.7
954.000,82.7
954.500,82.7
955.000,82.7
955.500,82.7
956.000,82.7
956.500,82.7
957.000,82.7
957.500,82.7
958.000,82.6
958.500,82.6
959.000,82.6
959.500,82.6
960.000,82.6
960.500,82.6
961.000,82.6
961.500,82.6
962.000,82.6
962.500,82.6
963.000,82.6
963.500,82.6
964.000,82.6
964.500,82.6
965.000,82.6
965.500,82.6
966.000,82.6
966.500,82.6
967.000,82.6
967.500,82.6
968.000,82.6
968.500,82.6
969.000,82.6
969.500,82.6
970.000,82.6
970.500,82.6
971.000,82.6
971.500,82.6
972.000,82.6
972.500,82.6
973.000,82.6
973.500,82.6
974.000,82.6
974.500,82.5
975.000,82.5
975.500,82.5
976.000,82.5
976.500,82.5
977.000,82.5
977.500,82.5
978.000,82.5
978.500,82.5
979.000,82.5
979.500,82.5
980.000,82.5
980.500,82.5
981.000,82.5
981.500,82.5
982.000,82.5
982.500,82.5
983.000,82.5
983.500,82.5
984.000,82.5
984.500,82.5
985.000,82.5
985.500,82.5
986.000,82.5
986.500,82.5
987.000,82.5
987.500,82.5
988.000,82.5
988.500,82.5
989.000,82.5
989.500,82.5
990.000,82.5
990.500,82.5
991.000,82.5
991.500,82.5
992.000,82.5
992.500,82.5
993.000,82.5
993.500,82.5
994.000,82.5
994.500,82.5
995.000,82.5
995.500,82.5
996.000,82.5
996.500,82.5
997.000,82.5
997.500,82.5
998.000,82.5
998.500,82.4
999.000,82.4
999.500,82.4
1000.000,82.4
1000.500,82.4
1001.000,82.4
1001.500,82.4
1002.000,82.4
1002.500,82.4
1003.000,82.4
1003.500,82.4
1004.000,82.4
1004.500,82.4
1005.000,82.4
1005.500,82.4
1006.000,82.4
1006.500,82.4
1007.000,82.4
1007.500,82.4
1008.000,82.4
1008.500,82.4
1009.000,82.4
1009.500,82.3
1010.000,82.4
1010.500,82.4
1011.000,82.4
1011.500,82.4
1012.000,82.4
1012.500,82.3
1013.000,82.3
1013.500,82.3
1014.000,82.3
1014.500,82.3
1015.000,82.3
1015.500,82.3
1016.000,82.3
1016.500,82.3
1017.000,82.3
1017.500,82.3
1018.000,82.3
1018.500,82.3
1019.000,82.3
1019.500,82.3
1020.000,82.3
1020.500,82.3
1021.000,82.3
1021.500,82.3
1022.000,82.3
1022.500,82.3
1023.000,82.3
1023.500,82.3
1024.000,82.3
1024.500,82.3
1025.000,82.3
1025.500,82.3
1026.000,82.3
1026.500,82.3
1027.000,82.3
1027.500,82.3
1028.000,82.3
1028.500,82.3
1029.000,82.3
1029.500,82.3
1030.000,82.3
1030.500,82.3
1031.000,82.3
1031.500,82.3
1032.000,82.3
1032.500,82.3
1033.000,82.3
1033.500,82.2
1034.000,82.2
1034.500,82.2
1035.000,82.2
1035.500,82.2
1036.000,82.2
1036.500,82.2
1037.000,82.2
1037.500,82.2
1038.000,82.2
1038.500,82.2
1039.000,82.2
1039.500,82.2
1040.000,82.2
1040.500,82.2
1041.000,82.2
1041.500,82.2
1042.000,82.2
1042.500,82.2
1043.000,82.2
1043.500,82.2
1044.000,82.2
1044.500,82.2
1045.000,82.2
1045.500,82.2
1046.000,82.2
1046.500,82.2
1047.000,82.2
1047.500,82.2
1048.000,82.2
1048.500,82.2
1049.000,82.2
1049.500,82.2
1050.000,82.2
1050.500,82.2
1051.000,82.2
1051.500,82.1
1052.000,82.1
1052.500,82.1
1053.000,82.1
1053.500,82.1
1054.000,82.1
1054.500,82.1
1055.000,82.1
1055.500,82.1
1056.000,82.1
1056.500,82.1
1057.000,82.1
1057.500,82.1
1058.000,82.1
1058.500,82.1
1059.000,82.1
1059.500,82.1
1060.000,82.1
1060.500,82.1
1061.000,82.1
1061.500,82.1
1062.000,82.1
1062.500,82.1
1063.000,82.1
1063.500,82.1
1064.000,82.1
1064.500,82.1
1065.000,82.1
1065.500,82.1
1066.000,82.1
1066.500,82.1
1067.000,82.1
1067.500,82.0
1068.000,82.0
1068.500,82.0
1069.000,82.0
1069.500,82.0
1070.000,82.0
1070.500,82.0
1071.000,82.0
1071.500,82.0
1072.000,82.0
1072.500,82.0
1073.000,82.0
1073.500,82.0
1074.000,82.0
1074.500,82.0
1075.000,82.0
1075.500,82.0
1076.000,82.0
1076.500,82.0
1077.000,82.0
1077.500,82.0
1078.000,82.0
1078.500,82.0
1079.000,82.0
1079.500,82.0
1080.000,82.0
1080.500,82.0
1081.000,82.0
1081.500,82.0
1082.000,82.0
1082.500,82.0
1083.000,82.0
1083.500,82.0
1084.000,82.0
1084.500,82.0
1085.000,82.0
1085.500,82.0
1086.000,82.0
1086.500,82.0
1087.000,82.0
1087.500,82.0
1088.000,81.9
1088.500,81.9
1089.000,81.9
1089.500,81.9
1090.000,81.9
1090.500,81.9
1091.000,81.9
1091.500,81.9
1092.000,81.9
1092.500,81.9
1093.000,81.9
1093.500,81.9
1094.000,81.9
1094.500,81.9
1095.000,81.9
1095.500,81.9
1096.000,81.9
1096.500,81.9
1097.000,81.9
1097.500,81.9
1098.000,81.9
1098.500,81.9
1099.000,81.9
1099.500,81.9
1100.000,81.9
1100.500,81.9
1101.000,81.9
1101.500,81.9
1102.000,81.9
1102.500,81.9
1103.000,81.9
1103.500,81.9
1104.000,81.9
1104.500,81.9
1105.000,81.8
1105.500,81.8
1106.000,81.8
1106.500,81.8
1107.000,81.8
1107.500,81.8
1108.000,81.8
1108.500,81.8
1109.000,81.8
1109.500,81.8
1110.000,81.8
1110.500,81.8
1111.000,81.8
1111.500,81.8
1112.000,81.8
1112.500,81.8
1113.000,81.8
1113.500,81.8
1114.000,81.8
1114.500,81.8
1115.000,81.8
1115.500,81.8
1116.000,81.8
1116.500,81.8
1117.000,81.8
1117.500,81.8
1118.000,81.7
1118.500,81.7
1119.000,81.7
1119.500,81.7
1120.000,81.7
1120.500,81.7
1121.000,81.7
1121.500,81.7
1122.000,81.7
1122.500,81.7
1123.000,81.7
1123.500,81.7
1124.000,81.7
1124.500,81.7
1125.000,81.7
1125.500,81.7
1126.000,81.7
1126.500,81.7
1127.000,81.7
1127.500,81.7
1128.000,81.7
1128.500,81.7
1129.000,81.7
1129.500,81.7
1130.000,81.7
1130.500,81.7
1131.000,81.7
1131.500,81.7
1132.000,81.7
1132.500,81.7
1133.000,81.7
1133.500,81.7
1134.000,81.7
1134.500,81.7
1135.000,81.7
1135.500,81.7
1136.000,81.7
1136.500,81.7
1137.000,81.7
1137.500,81.7
1138.000,81.7
1138.500,81.7
1139.000,81.7
1139.500,81.7
1140.000,81.7
1140.500,81.7
1141.000,81.7
1141.500,81.7
1142.000,81.7
1142.500,81.7
1143.000,81.7
1143.500,81.7
1144.000,81.6
1144.500,81.6
1145.000,81.6
1145.500,81.6
1146.000,81.6
1146.500,81.6
1147.000,81.6
1147.500,81.6
1148.000,81.6
1148.500,81.6
1149.000,81.6
1149.500,81.6
1150.000,81.6
1150.500,81.6
1151.000,81.6
1151.500,81.6
1152.000,81.6
1152.500,81.6
1153.000,81.6
1153.500,81.6
1154.000,81.6
1154.500,81.6
1155.000,81.6
1155.500,81.6
1156.000,81.6
1156.500,81.6
1157.000,81.6
1157.500,81.6
1158.000,81.6
1158.500,81.6
1159.000,81.6
1159.500,81.6
1160.000,81.6
1160.500,81.6
1161.000,81.6
1161.500,81.6
1162.000,81.6
1162.500,81.6
1163.000,81.6
1163.500,81.6
1164.000,81.6
1164.500,81.6
1165.000,81.6
1165.500,81.6
1166.000,81.6
1166.500,81.6
1167.000,81.6
1167.500,81.6
1168.000,81.6
1168.500,81.6
1169.000,81.6
1169.500,81.6
1170.000,81.6
1170.500,81.6
1171.000,81.6
1171.500,81.5
1172.000,81.5
1172.500,81.5
1173.000,81.5
1173.500,81.5
1174.000,81.5
1174.500,81.5
1175.000,81.5
1175.500,81.5
1176.000,81.5
1176.500,81.5
1177.000,81.5
1177.500,81.5
1178.000,81.5
1178.500,81.5
1179.000,81.5
1179.500,81.5
1180.000,81.4
1180.500,81.4
1181.000,81.4
1181.500,81.4
1182.000,81.4
1182.500,81.4
1183.000,81.4
1183.500,81.4
1184.000,81.4
1184.500,81.4
1185.000,81.4
1185.500,81.4
1186.000,81.4
1186.500,81.4
1187.000,81.4
1187.500,81.4
1188.000,81.4
1188.500,81.4
1189.000,81.4
1189.500,81.4
1190.000,81.4
1190.500,81.4
1191.000,81.4
1191.500,81.4
1192.000,81.4
1192.500,81.4
1193.000,81.4
1193.500,81.4
1194.000,81.4
1194.500,81.4
1195.000,81.4
1195.500,81.4
1196.000,81.4
1196.500,81.4
1197.000,81.4
1197.500,81.4
1198.000,81.4
1198.500,81.4
1199.000,81.4
1199.500,81.4
1200.000,81.4
1200.500,81.4
1201.000,81.4
1201.500,81.4
1202.000,81.4
1202.500,81.3
1203.000,81.3
1203.500,81.3
1204.000,81.3
1204.500,81.3
1205.000,81.3
1205.500,81.3
1206.000,81.3
1206.500,81.3
1207.000,81.3
1207.500,81.3
1208.000,81.3
1208.500,81.3
1209.000,81.3
1209.500,81.3
1210.000,81.3
1210.500,81.3
1211.000,81.3
1211.500,81.3
1212.000,81.3
1212.500,81.3
1213.000,81.3
1213.500,81.3
1214.000,81.3
1214.500,81.3
1215.000,81.3
1215.500,81.3
1216.000,81.3
1216.500,81.3
1217.000,81.3
1217.500,81.3
1218.000,81.3
1218.500,81.3
1219.000,81.2
1219.500,81.2
1220.000,81.2
1220.500,81.2
1221.000,81.2
1221.500,81.2
1222.000,81.2
1222.500,81.2
1223.000,81.2
1223.500,81.2
1224.000,81.2
1224.500,81.2
1225.000,81.2
1225.500,81.2
1226.000,81.2
1226.500,81.2
1227.000,81.2
1227.500,81.2
1228.000,81.2
1228.500,81.2
1229.000,81.2
1229.500,81.2
1230.000,81.2
1230.500,81.2
1231.000,81.2
1231.500,81.2
1232.000,81.2
1232.500,81.2
1233.000,81.2
1233.500,81.2
1234.000,81.2
1234.500,81.2
1235.000,81.2
1235.500,81.2
1236.000,81.2
1236.500,81.2
1237.000,81.2
1237.500,81.2
1238.000,81.2
1238.500,81.2
1239.000,81.2
1239.500,81.2
1240.000,81.2
1240.500,81.2
1241.000,81.2
1241.500,81.2
1242.000,81.2
1242.500,81.2
1243.000,81.2
1243.500,81.2
1244.000,81.2
1244.500,81.2
1245.000,81.2
1245.500,81.2
1246.000,81.2
1246.500,81.2
1247.000,81.2
1247.500,81.2
1248.000,81.1
1248.500,81.1
1249.000,81.1
1249.500,81.1
1250.000,81.1
1250.500,81.1
1251.000,81.1
1251.500,81.1
1252.000,81.1
1252.500,81.1
1253.000,81.1
1253.500,81.1
1254.000,81.1
1254.500,81.1
1255.000,81.1
1255.500,81.1
1256.000,81.1
1256.500,81.1
1257.000,81.1
1257.500,81.1
1258.000,81.1
1258.500,81.1
1259.000,81.1
1259.500,81.1
1260.000,81.1
1260.500,81.1
1261.000,81.1
1261.500,81.1
1262.000,81.1
1262.500,81.1
1263.000,81.1
1263.500,81.1
1264.000,81.1
1264.500,81.1
1265.000,81.1
1265.500,81.1
1266.000,81.0
1266.500,81.0
1267.000,81.0
1267.500,81.0
1268.000,81.0
1268.500,81.0
1269.000,81.0
1269.500,81.0
1270.000,81.0
1270.500,81.0
1271.000,81.0
1271.500,81.0
1272.000,81.0
1272.500,81.0
1273.000,81.0
1273.500,81.0
1274.000,81.0
1274.500,81.0
1275.000,81.0
1275.500,81.0
1276.000,81.0
1276.500,81.0
1277.000,81.0
1277.500,81.0
1278.000,81.0
1278.500,81.0
1279.000,81.0
1279.500,81.0
1280.000,81.0
1280.500,81.0
1281.000,81.0
1281.500,81.0
1282.000,81.0
1282.500,81.0
1283.000,81.0
1283.500,81.0
1284.000,81.0
1284.500,81.0
1285.000,81.0
1285.500,81.0
1286.000,80.9
1286.500,80.9
1287.000,80.9
1287.500,80.9
1288.000,80.9
1288.500,80.9
1289.000,80.9
1289.500,80.9
1290.000,80.9
1290.500,80.9
1291.000,80.9
1291.500,80.9
1292.000,80.9
1292.500,80.9
1293.000,80.9
1293.500,80.9
1294.000,80.9
1294.500,80.9
1295.000,80.9
1295.500,80.9
1296.000,80.9
1296.500,80.9
1297.000,80.9
1297.500,80.9
1298.000,80.9
1298.500,80.9
1299.000,80.9
1299.500,80.9
1300.000,80.9
1300.500,80.9
1301.000,80.9
1301.500,80.9
1302.000,80.9
1302.500,80.9
1303.000,80.9
1303.500,80.9
1304.000,80.9
1304.500,80.9
1305.000,80.9
1305.500,80.9
1306.000,80.9
1306.500,80.9
1307.000,80.9
1307.500,80.9
1308.000,80.9
1308.500,80.9
1309.000,80.9
1309.500,80.9
1310.000,80.9
1310.500,80.9
1311.000,80.9
1311.500,80.9
1312.000,80.8
1312.500,80.8
1313.000,80.8
1313.500,80.8
1314.000,80.8
1314.500,80.8
1315.000,80.8
1315.500,80.8
1316.000,80.8
1316.500,80.8
1317.000,80.8
1317.500,80.8
1318.000,80.8
1318.500,80.8
1319.000,80.8
1319.500,80.8
1320.000,80.8
1320.500,80.8
1321.000,80.8
1321.500,80.8
1322.000,80.8
1322.500,80.8
1323.000,80.8
1323.500,80.8
1324.000,80.8
1324.500,80.8
1325.000,80.8
1325.500,80.8
1326.000,80.8
1326.500,80.7
1327.000,80.7
1327.500,80.7
1328.000,80.7
1328.500,80.7
1329.000,80.7
1329.500,80.7
1330.000,80.7
1330.500,80.7
1331.000,80.7
1331.500,80.7
1332.000,80.7
1332.500,80.7
1333.000,80.7
1333.500,80.7
1334.000,80.7
1334.500,80.7
1335.000,80.7
1335.500,80.7
1336.000,80.7
1336.500,80.7
1337.000,80.7
1337.500,80.7
1338.000,80.7
1338.500,80.7
1339.000,80.7
1339.500,80.7
1340.000,80.7
1340.500,80.7
1341.000,80.7
1341.500,80.7
1342.000,80.7
1342.500,80.7
1343.000,80.7
1343.500,80.7
1344.000,80.7
1344.500,80.7
1345.000,80.7
1345.500,80.7
1346.000,80.7
1346.500,80.7
1347.000,80.7
1347.500,80.7
1348.000,80.7
1348.500,80.7
1349.000,80.7
1349.500,80.7
1350.000,80.6
1350.500,80.6
1351.000,80.6
1351.500,80.6
1352.000,80.6
1352.500,80.6
1353.000,80.6
1353.500,80.6
1354.000,80.6
1354.500,80.6
1355.000,80.6
1355.500,80.6
1356.000,80.6
1356.500,80.6
1357.000,80.6
1357.500,80.6
1358.000,80.6
1358.500,80.6
1359.000,80.6
1359.500,80.6
1360.000,80.6
1360.500,80.6
1361.000,80.6
1361.500,80.6
1362.000,80.6
1362.500,80.6
1363.000,80.6
1363.500,80.6
1364.000,80.6
1364.500,80.6
1365.000,80.6
1365.500,80.6
1366.000,80.6
1366.500,80.6
1367.000,80.6
1367.500,80.6
1368.000,80.6
1368.500,80.6
1369.000,80.6
1369.500,80.6
1370.000,80.6
1370.500,80.6
1371.000,80.6
1371.500,80.5
1372.000,80.5
1372.500,80.5
1373.000,80.5
1373.500,80.5
1374.000,80.5
1374.500,80.5
1375.000,80.5
1375.500,80.5
1376.000,80.5
1376.500,80.5
1377.000,80.5
1377.500,80.5
1378.000,80.5
1378.500,80.5
1379.000,80.5
1379.500,80.5
1380.000,80.5
1380.500,80.5
1381.000,80.5
1381.500,80.5
1382.000,80.5
1382.500,80.5
1383.000,80.5
1383.500,80.5
1384.000,80.5
1384.500,80.5
1385.000,80.5
1385.500,80.5
1386.000,80.5
1386.500,80.5
1387.000,80.5
1387.500,80.5
1388.000,80.5
1388.500,80.5
1389.000,80.4
1389.500,80.4
1390.000,80.4
1390.500,80.4
1391.000,80.4
1391.500,80.4
1392.000,80.4
1392.500,80.4
1393.000,80.4
1393.500,80.4
1394.000,80.4
1394.500,80.4
1395.000,80.4
1395.500,80.4
1396.000,80.4
1396.500,80.4
1397.000,80.4
1397.500,80.4
1398.000,80.4
1398.500,80.4
1399.000,80.4
1399.500,80.4
1400.000,80.4
1400.500,80.4
1401.000,80.4
1401.500,80.4
1402.000,80.4
1402.500,80.4
1403.000,80.4
1403.500,80.4
1404.000,80.4
1404.500,80.4
1405.000,80.4
1405.500,80.4
1406.000,80.4
1406.500,80.4
1407.000,80.4
1407.500,80.4
1408.000,80.4
1408.500,80.4
1409.000,80.4
1409.500,80.4
1410.000,80.4
1410.500,80.4
1411.000,80.4
1411.500,80.4
1412.000,80.4
1412.500,80.4
1413.000,80.4
1413.500,80.4
1414.000,80.3
1414.500,80.3
1415.000,80.3
1415.500,80.3
1416.000,80.3
1416.500,80.3
1417.000,80.3
1417.500,80.3
1418.000,80.3
1418.500,80.3
1419.000,80.3
1419.500,80.2
1420.000,80.2
1420.500,80.2
1421.000,80.2
1421.500,80.2
1422.000,80.2
1422.500,80.2
1423.000,80.2
1423.500,80.2
1424.000,80.2
1424.500,80.2
1425.000,80.2
1425.500,80.2
1426.000,80.3
1426.500,80.3
1427.000,80.3
1427.500,80.3
1428.000,80.3
1428.500,80.3
1429.000,80.3
1429.500,80.3
1430.000,80.2
1430.500,80.2
1431.000,80.2
1431.500,80.2
1432.000,80.2
1432.500,80.2
1433.000,80.2
1433.500,80.2
1434.000,80.2
1434.500,80.2
1435.000,80.2
1435.500,80.2
1436.000,80.2
1436.500,80.2
1437.000,80.2
1437.500,80.2
1438.000,80.2
1438.500,80.2
1439.000,80.2
1439.500,80.2
1440.000,80.2
1440.500,80.2
1441.000,80.2
1441.500,80.2
1442.000,80.2
1442.500,80.2
1443.000,80.2
1443.500,80.2
1444.000,80.2
1444.500,80.1
1445.000,80.1
1445.500,80.1
1446.000,80.1
1446.500,80.1
1447.000,80.1
1447.500,80.1
1448.000,80.1
1448.500,80.1
1449.000,80.1
1449.500,80.1
1450.000,80.1
1450.500,80.1
1451.000,80.1
1451.500,80.1
1452.000,80.1
1452.500,80.1
1453.000,80.1
1453.500,80.1
1454.000,80.1
1454.500,80.1
1455.000,80.1
1455.500,80.1
1456.000,80.1
1456.500,80.1
1457.000,80.1
1457.500,80.1
1458.000,80.1
1458.500,80.1
1459.000,80.1
1459.500,80.1
1460.000,80.1
1460.500,80.1
1461.000,80.1
1461.500,80.1
1462.000,80.1
1462.500,80.1
1463.000,80.1
1463.500,80.1
1464.000,80.1
1464.500,80.1
1465.000,80.1
1465.500,80.1
1466.000,80.0
1466.500,80.0
1467.000,80.0
1467.500,80.0
1468.000,80.0
1468.500,80.0
1469.000,80.0
1469.500,80.0
1470.000,80.0
1470.500,80.0
1471.000,80.0
1471.500,80.0
1472.000,80.0
1472.500,80.0
1473.000,80.0
1473.500,80.0
1474.000,80.0
1474.500,80.0
1475.000,80.0
1475.500,80.0
1476.000,80.0
1476.500,80.0
1477.000,80.0
1477.500,80.0
1478.000,80.0
1478.500,80.0
1479.000,80.0
1479.500,80.0
1480.000,80.0
1480.500,80.0
1481.000,80.0
1481.500,80.0
1482.000,80.0
1482.500,80.0
1483.000,80.0
1483.500,80.0
1484.000,80.0
1484.500,80.0
1485.000,80.0
1485.500,80.0
1486.000,80.0
1486.500,80.0
1487.000,80.0
1487.500,80.0
1488.000,80.0
1488.500,79.9
1489.000,79.9
1489.500,79.9
1490.000,79.9
1490.500,79.9
1491.000,79.9
1491.500,79.9
1492.000,79.9
1492.500,79.9
1493.000,79.9
1493.500,79.9
1494.000,79.9
1494.500,79.9
1495.000,79.9
1495.500,79.9
1496.000,79.9
1496.500,79.9
1497.000,79.9
1497.500,79.9
1498.000,79.9
1498.500,79.9
1499.000,79.9
1499.500,79.9
1500.000,79.9
1500.500,79.9
1501.000,79.9
1501.500,79.9
1502.000,79.9
1502.500,79.9
1503.000,79.9
1503.500,79.9
1504.000,79.9
1504.500,79.9
1505.000,79.9
1505.500,79.9
1506.000,79.9
1506.500,79.9
1507.000,79.9
1507.500,79.9
1508.000,79.9
1508.500,79.9
1509.000,79.9
1509.500,79.9
1510.000,79.9
1510.500,79.9
1511.000,79.9
1511.500,79.9
1512.000,79.9
1512.500,79.9
1513.000,79.9
1513.500,79.9
1514.000,79.9
1514.500,79.9
1515.000,79.9
1515.500,79.9
1516.000,79.9
1516.500,79.9
1517.000,79.9
1517.500,79.9
1518.000,79.9
1518.500,79.9
1519.000,79.9
1519.500,79.9
1520.000,79.8
1520.500,79.8
1521.000,79.8
1521.500,79.8
1522.000,79.8
1522.500,79.8
1523.000,79.8
1523.500,79.8
1524.000,79.8
1524.500,79.8
1525.000,79.8
1525.500,79.8
1526.000,79.8
1526.500,79.8
1527.000,79.8
1527.500,79.8
1528.000,79.8
1528.500,79.8
1529.000,79.8
1529.500,79.7
1530.000,79.7
1530.500,79.7
1531.000,79.7
1531.500,79.7
1532.000,79.7
1532.500,79.7
1533.000,79.7
1533.500,79.7
1534.000,79.7
1534.500,79.7
1535.000,79.7
1535.500,79.7
1536.000,79.7
1536.500,79.7
1537.000,79.7
1537.500,79.7
1538.000,79.7
1538.500,79.7
1539.000,79.7
1539.500,79.7
1540.000,79.7
1540.500,79.7
1541.000,79.7
1541.500,79.7
1542.000,79.7
1542.500,79.7
1543.000,79.7
1543.500,79.7
1544.000,79.7
1544.500,79.7
1545.000,79.7
1545.500,79.7
1546.000,79.7
1546.500,79.7
1547.000,79.7
1547.500,79.7
1548.000,79.7
1548.500,79.7
1549.000,79.7
1549.500,79.7
1550.000,79.7
1550.500,79.6
1551.000,79.6
1551.500,79.6
1552.000,79.6
1552.500,79.6
1553.000,79.6
1553.500,79.6
1554.000,79.6
1554.500,79.6
1555.000,79.6
1555.500,79.6
1556.000,79.6
1556.500,79.6
1557.000,79.6
1557.500,79.6
1558.000,79.6
1558.500,79.6
1559.000,79.6
1559.500,79.6
1560.000,79.6
1560.500,79.6
1561.000,79.6
1561.500,79.6
1562.000,79.6
1562.500,79.6
1563.000,79.6
1563.500,79.6
1564.000,79.6
1564.500,79.6
1565.000,79.6
1565.500,79.6
1566.000,79.6
1566.500,79.6
1567.000,79.6
1567.500,79.6
1568.000,79.6
1568.500,79.6
1569.000,79.6
1569.500,79.6
1570.000,79.6
1570.500,79.6
1571.000,79.6
1571.500,79.6
1572.000,79.6
1572.500,79.6
1573.000,79.6
1573.500,79.5
1574.000,79.5
1574.500,79.5
1575.000,79.5
1575.500,79.5
1576.000,79.5
1576.500,79.5
1577.000,79.5
1577.500,79.5
1578.000,79.5
1578.500,79.5
1579.000,79.5
1579.500,79.5
1580.000,79.5
1580.500,79.5
1581.000,79.5
1581.500,79.5
1582.000,79.5
1582.500,79.5
1583.000,79.5
1583.500,79.5
1584.000,79.5
1584.500,79.5
1585.000,79.5
1585.500,79.5
1586.000,79.5
1586.500,79.5
1587.000,79.5
1587.500,79.5
1588.000,79.5
1588.500,79.5
1589.000,79.4
1589.500,79.4
1590.000,79.4
1590.500,79.4
1591.000,79.4
1591.500,79.4
1592.000,79.4
1592.500,79.4
1593.000,79.4
1593.500,79.4
1594.000,79.4
1594.500,79.4
1595.000,79.4
1595.500,79.4
1596.000,79.4
1596.500,79.4
1597.000,79.4
1597.500,79.4
1598.000,79.4
1598.500,79.4
1599.000,79.4
1599.500,79.4
1600.000,79.4
1600.500,79.4
1601.000,79.4
1601.500,79.4
1602.000,79.4
1602.500,79.4
1603.000,79.4
1603.500,79.4
1604.000,79.4
1604.500,79.4
1605.000,79.4
1605.500,79.4
1606.000,79.4
1606.500,79.4
1607.000,79.4
1607.500,79.4
1608.000,79.4
1608.500,79.4
1609.000,79.4
1609.500,79.4
1610.000,79.4
1610.500,79.3
1611.000,79.3
1611.500,79.3
1612.000,79.3
1612.500,79.3
1613.000,79.3
1613.500,79.3
1614.000,79.3
1614.500,79.3
1615.000,79.3
1615.500,79.3
1616.000,79.3
1616.500,79.3
1617.000,79.3
1617.500,79.3
1618.000,79.3
1618.500,79.3
1619.000,79.3
1619.500,79.3
1620.000,79.3
1620.500,79.3
1621.000,79.3
1621.500,79.3
1622.000,79.3
1622.500,79.3
1623.000,79.3
1623.500,79.3
1624.000,79.3
1624.500,79.3
1625.000,79.3
1625.500,79.3
1626.000,79.3
1626.500,79.3
1627.000,79.3
1627.500,79.3
1628.000,79.3
1628.500,79.3
1629.000,79.3
1629.500,79.3
1630.000,79.3
1630.500,79.3
1631.000,79.3
1631.500,79.3
1632.000,79.3
1632.500,79.3
1633.000,79.3
1633.500,79.3
1634.000,79.3
1634.500,79.3
1635.000,79.3
1635.500,79.3
1636.000,79.3
1636.500,79.3
1637.000,79.3
1637.500,79.3
1638.000,79.3
1638.500,79.2
1639.000,79.2
1639.500,79.2
1640.000,79.2
1640.500,79.2
1641.000,79.2
1641.500,79.2
1642.000,79.2
1642.500,79.2
1643.000,79.2
1643.500,79.2
1644.000,79.2
1644.500,79.2
1645.000,79.2
1645.500,79.2
1646.000,79.2
1646.500,79.2
1647.000,79.2
1647.500,79.2
1648.000,79.2
1648.500,79.2
1649.000,79.2
1649.500,79.2
1650.000,79.2
1650.500,79.2
1651.000,79.2
1651.500,79.2
1652.000,79.2
1652.500,79.2
1653.000,79.2
1653.500,79.2
1654.000,79.2
1654.500,79.2
1655.000,79.2
1655.500,79.2
1656.000,79.2
1656.500,79.2
1657.000,79.2
1657.500,79.2
1658.000,79.2
1658.500,79.2
1659.000,79.2
1659.500,79.2
1660.000,79.1
1660.500,79.1
1661.000,79.1
1661.500,79.1
1662.000,79.1
1662.500,79.1
1663.000,79.1
1663.500,79.1
1664.000,79.1
1664.500,79.1
1665.000,79.1
1665.500,79.1
1666.000,79.1
1666.500,79.1
1667.000,79.1
1667.500,79.1
1668.000,79.1
1668.500,79.1
1669.000,79.1
1669.500,79.1
1670.000,79.1
1670.500,79.1
1671.000,79.1
1671.500,79.1
1672.000,79.1
1672.500,79.1
1673.000,79.1
1673.500,79.1
1674.000,79.1
1674.500,79.1
1675.000,79.1
1675.500,79.1
1676.000,79.1
1676.500,79.1
1677.000,79.1
1677.500,79.1
1678.000,79.0
1678.500,79.0
1679.000,79.0
1679.500,79.0
1680.000,79.0
1680.500,79.0
1681.000,79.0
1681.500,79.0
1682.000,79.0
1682.500,79.0
1683.000,79.0
1683.500,79.0
1684.000,79.0
1684.500,79.0
1685.000,79.0
1685.500,79.0
1686.000,79.0
1686.500,79.0
1687.000,79.0
1687.500,79.0
1688.000,79.0
1688.500,79.0
1689.000,79.0
1689.500,79.0
1690.000,79.0
1690.500,79.0
1691.000,79.0
1691.500,79.0
1692.000,79.0
1692.500,79.0
1693.000,79.0
1693.500,79.0
1694.000,79.0
1694.500,79.0
1695.000,79.0
1695.500,79.0
1696.000,79.0
1696.500,79.0
1697.000,78.9
1697.500,78.9
1698.000,78.9
1698.500,78.9
1699.000,78.9
1699.500,78.9
1700.000,78.9
1700.500,78.9
1701.000,78.9
1701.500,78.9
1702.000,78.9
1702.500,78.9
1703.000,78.9
1703.500,78.9
1704.000,78.9
1704.500,78.9
1705.000,78.9
1705.500,78.9
1706.000,78.9
1706.500,78.9
1707.000,78.9
1707.500,78.9
1708.000,78.9
1708.500,78.9
1709.000,78.9
1709.500,78.9
1710.000,78.9
1710.500,78.9
1711.000,78.9
1711.500,78.9
1712.000,78.9
1712.500,78.9
1713.000,78.9
1713.500,78.9
1714.000,78.9
1714.500,78.9
1715.000,78.9
1715.500,78.9
1716.000,78.9
1716.500,78.9
1717.000,78.9
1717.500,78.9
1718.000,78.9
1718.500,78.9
1719.000,78.9
1719.500,78.9
1720.000,78.9
1720.500,78.9
1721.000,78.9
1721.500,78.9
1722.000,78.9
1722.500,78.9
1723.000,78.9
1723.500,78.9
1724.000,78.9
1724.500,78.9
1725.000,78.9
1725.500,78.9
1726.000,78.9
1726.500,78.9
1727.000,78.9
1727.500,78.9
1728.000,78.9
1728.500,78.9
1729.000,78.9
1729.500,78.9
1730.000,78.9
1730.500,78.9
1731.000,78.8
1731.500,78.8
1732.000,78.8
1732.500,78.8
1733.000,78.8
1733.500,78.8
1734.000,78.8
1734.500,78.8
1735.000,78.8
1735.500,78.8
1736.000,78.8
1736.500,78.8
1737.000,78.8
1737.500,78.8
1738.000,78.8
1738.500,78.8
1739.000,78.8
1739.500,78.8
1740.000,78.8
1740.500,78.8
1741.000,78.8
1741.500,78.8
1742.000,78.8
1742.500,78.8
1743.000,78.8
1743.500,78.8
1744.000,78.8
1744.500,78.8
1745.000,78.7
1745.500,78.7
1746.000,78.7
1746.500,78.7
1747.000,78.7
1747.500,78.7
1748.000,78.7
1748.500,78.7
1749.000,78.7
1749.500,78.7
1750.000,78.7
1750.500,78.7
1751.000,78.7
1751.500,78.7
1752.000,78.7
1752.500,78.7
1753.000,78.7
1753.500,78.7
1754.000,78.7
1754.500,78.7
1755.000,78.7
1755.500,78.7
1756.000,78.7
1756.500,78.7
1757.000,78.7
1757.500,78.7
1758.000,78.7
1758.500,78.7
1759.000,78.7
1759.500,78.6
1760.000,78.6
1760.500,78.6
1761.000,78.6
1761.500,78.6
1762.000,78.6
1762.500,78.6
1763.000,78.6
1763.500,78.6
1764.000,78.6
1764.500,78.6
1765.000,78.6
1765.500,78.6
1766.000,78.6
1766.500,78.6
1767.000,78.6
1767.500,78.6
1768.000,78.6
1768.500,78.6
1769.000,78.6
1769.500,78.6
1770.000,78.6
1770.500,78.6
1771.000,78.6
1771.500,78.6
1772.000,78.6
1772.500,78.6
1773.000,78.6
1773.500,78.6
1774.000,78.6
1774.500,78.6
1775.000,78.6
1775.500,78.6
1776.000,78.6
1776.500,78.6
1777.000,78.6
1777.500,78.6
1778.000,78.6
1778.500,78.6
1779.000,78.6
1779.500,78.6
1780.000,78.6
1780.500,78.6
1781.000,78.6
1781.500,78.6
1782.000,78.6
1782.500,78.6
1783.000,78.6
1783.500,78.6
1784.000,78.6
1784.500,78.5
1785.000,78.5
1785.500,78.5
1786.000,78.5
1786.500,78.5
1787.000,78.5
1787.500,78.5
1788.000,78.5
1788.500,78.5
1789.000,78.5
1789.500,78.5
1790.000,78.5
1790.500,78.5
1791.000,78.5
1791.500,78.5
1792.000,78.5
1792.500,78.5
1793.000,78.5
1793.500,78.5
1794.000,78.5
1794.500,78.5
1795.000,78.5
1795.500,78.5
1796.000,78.5
1796.500,78.5
1797.000,78.5
1797.500,78.5
1798.000,78.5
1798.500,78.5
1799.000,78.5
1799.500,78.5
1800.000,78.5
1800.500,78.4
1801.000,78.4
1801.500,78.4
1802.000,78.4
1802.500,78.4
1803.000,78.4
1803.500,78.4
1804.000,78.4
1804.500,78.4
1805.000,78.4
1805.500,78.4
1806.000,78.4
1806.500,78.4
1807.000,78.4
1807.500,78.4
1808.000,78.4
1808.500,78.4
1809.000,78.4
1809.500,78.4
1810.000,78.4
1810.500,78.4
1811.000,78.4
1811.500,78.4
1812.000,78.4
1812.500,78.4
1813.000,78.4
1813.500,78.4
1814.000,78.4
1814.500,78.4
1815.000,78.4
1815.500,78.4
1816.000,78.4
1816.500,78.4
1817.000,78.4
1817.500,78.4
1818.000,78.4
1818.500,78.4
1819.000,78.4
1819.500,78.4
1820.000,78.4
1820.500,78.4
1821.000,78.4
1821.500,78.4
1822.000,78.4
1822.500,78.3
1823.000,78.3
1823.500,78.3
1824.000,78.3
1824.500,78.3
1825.000,78.3
1825.500,78.3
1826.000,78.3
1826.500,78.3
1827.000,78.3
1827.500,78.3
1828.000,78.3
1828.500,78.3
1829.000,78.3
1829.500,78.3
1830.000,78.3
1830.500,78.3
1831.000,78.3
1831.500,78.3
1832.000,78.3
1832.500,78.3
1833.000,78.3
1833.500,78.3
1834.000,78.3
1834.500,78.3
1835.000,78.3
1835.500,78.3
1836.000,78.3
1836.500,78.3
1837.000,78.3
1837.500,78.3
1838.000,78.3
1838.500,78.3
1839.000,78.3
1839.500,78.3
1840.000,78.3
1840.500,78.3
1841.000,78.3
1841.500,78.3
1842.000,78.3
1842.500,78.3
1843.000,78.3
1843.500,78.3
1844.000,78.3
1844.500,78.3
1845.000,78.3
1845.500,78.3
1846.000,78.3
1846.500,78.3
1847.000,78.3
1847.500,78.3
1848.000,78.3
1848.500,78.3
1849.000,78.3
1849.500,78.3
1850.000,78.3
1850.500,78.3
1851.000,78.3
1851.500,78.3
1852.000,78.3
1852.500,78.3
1853.000,78.3
1853.500,78.2
1854.000,78.2
1854.500,78.2
1855.000,78.2
1855.500,78.2
1856.000,78.2
1856.500,78.2
1857.000,78.2
1857.500,78.2
1858.000,78.2
1858.500,78.2
1859.000,78.2
1859.500,78.2
1860.000,78.2
1860.500,78.2
1861.000,78.2
1861.500,78.2
1862.000,78.2
1862.500,78.2
1863.000,78.2
1863.500,78.2
1864.000,78.2
1864.500,78.2
1865.000,78.2
1865.500,78.2
1866.000,78.2
1866.500,78.2
1867.000,78.2
1867.500,78.2
1868.000,78.2
1868.500,78.2
1869.000,78.2
1869.500,78.2
1870.000,78.2
1870.500,78.2
1871.000,78.2
1871.500,78.2
1872.000,78.2
1872.500,78.2
1873.000,78.2
1873.500,78.2
1874.000,78.2
1874.500,78.2
1875.000,78.2
1875.500,78.2
1876.000,78.2
1876.500,78.2
1877.000,78.2
1877.500,78.2
1878.000,78.2
1878.500,78.2
1879.000,78.2
1879.500,78.2
1880.000,78.2
1880.500,78.2
1881.000,78.2
1881.500,78.2
1882.000,78.2
1882.500,78.2
1883.000,78.2
1883.500,78.2
1884.000,78.2
1884.500,78.2
1885.000,78.2
1885.500,78.2
1886.000,78.2
1886.500,78.2
1887.000,78.1
1887.500,78.1
1888.000,78.1
1888.500,78.1
1889.000,78.1
1889.500,78.1
1890.000,78.1
1890.500,78.1
1891.000,78.1
1891.500,78.1
1892.000,78.1
1892.500,78.1
1893.000,78.1
1893.500,78.1
1894.000,78.1
1894.500,78.1
1895.000,78.1
1895.500,78.1
1896.000,78.1
1896.500,78.1
1897.000,78.1
1897.500,78.1
1898.000,78.1
1898.500,78.1
1899.000,78.1
1899.500,78.1
1900.000,78.1
1900.500,78.1
1901.000,78.1
1901.500,78.0
1902.000,78.0
1902.500,78.0
1903.000,78.0
1903.500,78.0
1904.000,78.0
1904.500,78.0
1905.000,78.0
1905.500,78.0
1906.000,78.0
1906.500,78.0
1907.000,78.0
1907.500,78.0
1908.000,78.0
1908.500,78.0
1909.000,78.0
1909.500,78.0
1910.000,78.0
1910.500,78.0
1911.000,78.0
1911.500,78.0
1912.000,78.0
1912.500,78.0
1913.000,78.0
1913.500,78.0
1914.000,78.0
1914.500,78.0
1915.000,78.0
1915.500,78.0
1916.000,78.0
1916.500,78.0
1917.000,78.0
1917.500,78.0
1918.000,78.0
1918.500,78.0
1919.000,78.0
1919.500,78.0
1920.000,77.9
1920.500,77.9
1921.000,77.9
1921.500,77.9
1922.000,77.9
1922.500,77.9
1923.000,77.9
1923.500,77.9
1924.000,77.9
1924.500,77.9
1925.000,77.9
1925.500,77.9
1926.000,77.9
1926.500,77.9
1927.000,77.9
1927.500,77.9
1928.000,77.9
1928.500,77.9
1929.000,77.9
1929.500,77.9
1930.000,77.9
1930.500,77.9
1931.000,77.9
1931.500,77.9
1932.000,77.9
1932.500,77.9
1933.000,77.9
1933.500,77.9
1934.000,77.9
1934.500,77.8
1935.000,77.8
1935.500,77.8
1936.000,77.8
1936.500,77.8
1937.000,77.8
1937.500,77.8
1938.000,77.8
1938.500,77.8
1939.000,77.8
1939.500,77.8
1940.000,77.8
1940.500,77.8
1941.000,77.8
1941.500,77.8
1942.000,77.8
1942.500,77.8
1943.000,77.8
1943.500,77.8
1944.000,77.8
1944.500,77.8
1945.000,77.8
1945.500,77.8
1946.000,77.8
1946.500,77.8
1947.000,77.8
1947.500,77.8
1948.000,77.8
1948.500,77.8
1949.000,77.8
1949.500,77.8
1950.000,77.8
1950.500,77.8
1951.000,77.8
1951.500,77.8
1952.000,77.8
1952.500,77.8
1953.000,77.8
1953.500,77.8
1954.000,77.8
1954.500,77.8
1955.000,77.8
1955.500,77.8
1956.000,77.8
1956.500,77.8
1957.000,77.8
1957.500,77.8
1958.000,77.8
1958.500,77.8
1959.000,77.8
1959.500,77.8
1960.000,77.8
1960.500,77.8
1961.000,77.7
1961.500,77.7
1962.000,77.7
1962.500,77.7
1963.000,77.7
1963.500,77.7
1964.000,77.7
1964.500,77.7
1965.000,77.7
1965.500,77.7
1966.000,77.7
1966.500,77.7
1967.000,77.7
1967.500,77.7
1968.000,77.7
1968.500,77.7
1969.000,77.7
1969.500,77.7
1970.000,77.7
1970.500,77.7
1971.000,77.7
1971.500,77.7
1972.000,77.7
1972.500,77.7
1973.000,77.7
1973.500,77.7
1974.000,77.7
1974.500,77.7
1975.000,77.7
1975.500,77.7
1976.000,77.7
1976.500,77.7
1977.000,77.7
1977.500,77.7
1978.000,77.7
1978.500,77.7
1979.000,77.7
1979.500,77.7
1980.000,77.7
1980.500,77.7
1981.000,77.7
1981.500,77.7
1982.000,77.7
1982.500,77.7
1983.000,77.7
1983.500,77.7
1984.000,77.7
1984.500,77.7
1985.000,77.7
1985.500,77.7
1986.000,77.7
1986.500,77.7
1987.000,77.7
1987.500,77.7
1988.000,77.7
1988.500,77.7
1989.000,77.7
1989.500,77.7
1990.000,77.7
1990.500,77.7
1991.000,77.7
1991.500,77.7
1992.000,77.7
1992.500,77.7
1993.000,77.7
1993.500,77.7
1994.000,77.7
1994.500,77.7
1995.000,77.7
1995.500,77.6
1996.000,77.6
1996.500,77.6
1997.000,77.6
1997.500,77.6
1998.000,77.6
1998.500,77.6
1999.000,77.6
1999.500,77.6
2000.000,77.6
2000.500,77.6
2001.000,77.6
2001.500,77.6
2002.000,77.6
2002.500,77.6
2003.000,77.6
2003.500,77.6
2004.000,77.6
2004.500,77.6
2005.000,77.6
2005.500,77.6
2006.000,77.6
2006.500,77.6
2007.000,77.5
2007.500,77.5
2008.000,77.5
2008.500,77.5
2009.000,77.5
2009.500,77.5
2010.000,77.5
2010.500,77.5
2011.000,77.5
2011.500,77.5
2012.000,77.5
2012.500,77.5
2013.000,77.5
2013.500,77.5
2014.000,77.5
2014.500,77.5
2015.000,77.5
2015.500,77.5
2016.000,77.5
2016.500,77.5
2017.000,77.5
2017.500,77.5
2018.000,77.5
2018.500,77.5
2019.000,77.5
2019.500,77.5
2020.000,77.5
2020.500,77.5
2021.000,77.5
2021.500,77.5
2022.000,77.5
2022.500,77.5
2023.000,77.5
2023.500,77.5
2024.000,77.5
2024.500,77.5
2025.000,77.5
2025.500,77.5
2026.000,77.5
2026.500,77.5
2027.000,77.5
2027.500,77.5
2028.000,77.5
2028.500,77.5
2029.000,77.4
2029.500,77.4
2030.000,77.4
2030.500,77.4
2031.000,77.4
2031.500,77.4
2032.000,77.4
2032.500,77.4
2033.000,77.4
2033.500,77.4
2034.000,77.4
2034.500,77.4
2035.000,77.4
2035.500,77.4
2036.000,77.4
2036.500,77.4
2037.000,77.4
2037.500,77.4
2038.000,77.4
2038.500,77.4
2039.000,77.4
2039.500,77.4
2040.000,77.4
2040.500,77.4
2041.000,77.4
2041.500,77.4
2042.000,77.4
2042.500,77.4
2043.000,77.4
2043.500,77.4
2044.000,77.4
2044.500,77.4
2045.000,77.4
2045.500,77.4
2046.000,77.4
2046.500,77.4
2047.000,77.4
2047.500,77.4
2048.000,77.4
2048.500,77.3
2049.000,77.3
2049.500,77.3
2050.000,77.3
2050.500,77.3
2051.000,77.3
2051.500,77.3
2052.000,77.3
2052.500,77.3
2053.000,77.3
2053.500,77.3
2054.000,77.3
2054.500,77.3
2055.000,77.3
2055.500,77.3
2056.000,77.3
2056.500,77.3
2057.000,77.3
2057.500,77.3
2058.000,77.3
2058.500,77.3
2059.000,77.3
2059.500,77.3
2060.000,77.3
2060.500,77.3
2061.000,77.3
2061.500,77.3
2062.000,77.3
2062.500,77.3
2063.000,77.3
2063.500,77.3
2064.000,77.3
2064.500,77.3
2065.000,77.3
2065.500,77.3
2066.000,77.3
2066.500,77.3
2067.000,77.3
2067.500,77.3
2068.000,77.3
2068.500,77.3
2069.000,77.3
2069.500,77.3
2070.000,77.3
2070.500,77.2
2071.000,77.2
2071.500,77.2
2072.000,77.2
2072.500,77.2
2073.000,77.2
2073.500,77.2
2074.000,77.2
2074.500,77.2
2075.000,77.2
2075.500,77.2
2076.000,77.2
2076.500,77.2
2077.000,77.2
2077.500,77.2
2078.000,77.2
2078.500,77.2
2079.000,77.2
2079.500,77.2
2080.000,77.2
2080.500,77.2
2081.000,77.2
2081.500,77.2
2082.000,77.2
2082.500,77.2
2083.000,77.2
2083.500,77.2
2084.000,77.2
2084.500,77.2
2085.000,77.2
2085.500,77.2
2086.000,77.2
2086.500,77.2
2087.000,77.2
2087.500,77.2
2088.000,77.2
2088.500,77.2
2089.000,77.2
2089.500,77.2
2090.000,77.2
2090.500,77.2
2091.000,77.2
2091.500,77.2
2092.000,77.2
2092.500,77.2
2093.000,77.2
2093.500,77.2
2094.000,77.2
2094.500,77.2
2095.000,77.2
2095.500,77.2
2096.000,77.2
2096.500,77.1
2097.000,77.1
2097.500,77.1
2098.000,77.1
2098.500,77.1
2099.000,77.1
2099.500,77.1
2100.000,77.1
2100.500,77.1
2101.000,77.1
2101.500,77.1
2102.000,77.1
2102.500,77.1
2103.000,77.1
2103.500,77.1
2104.000,77.1
2104.500,77.1
2105.000,77.1
2105.500,77.1
2106.000,77.1
2106.500,77.1
2107.000,77.1
2107.500,77.1
2108.000,77.1
2108.500,77.1
2109.000,77.1
2109.500,77.1
2110.000,77.1
2110.500,77.1
2111.000,77.1
2111.500,77.1
2112.000,77.1
2112.500,77.1
2113.000,77.1
2113.500,77.1
2114.000,77.1
2114.500,77.1
2115.000,77.1
2115.500,77.1
2116.000,77.1
2116.500,77.1
2117.000,77.1
2117.500,77.1
2118.000,77.1
2118.500,77.1
2119.000,77.1
2119.500,77.1
2120.000,77.1
2120.500,77.1
2121.000,77.1
2121.500,77.1
2122.000,77.1
2122.500,77.1
2123.000,77.1
2123.500,77.1
2124.000,77.0
2124.500,77.0
2125.000,77.0
2125.500,77.0
2126.000,77.0
2126.500,77.0
2127.000,77.0
2127.500,77.0
2128.000,77.0
2128.500,77.0
2129.000,77.0
2129.500,77.0
2130.000,77.0
2130.500,77.0
2131.000,77.0
2131.500,77.0
2132.000,77.0
2132.500,77.0
2133.000,77.0
2133.500,77.0
2134.000,77.0
2134.500,77.0
2135.000,77.0
2135.500,77.0
2136.000,77.0
2136.500,77.0
2137.000,77.0
2137.500,77.0
2138.000,77.0
2138.500,77.0
2139.000,77.0
2139.500,76.9
2140.000,76.9
2140.500,76.9
2141.000,76.9
2141.500,76.9
2142.000,76.9
2142.500,76.9
2143.000,76.9
2143.500,76.9
2144.000,76.9
2144.500,76.9
2145.000,76.9
2145.500,76.9
2146.000,76.9
2146.500,76.9
2147.000,76.9
2147.500,76.9
2148.000,76.9
2148.500,76.9
2149.000,76.9
2149.500,76.9
2150.000,76.9
2150.500,76.9
2151.000,76.9
2151.500,76.9
2152.000,76.9
2152.500,76.9
2153.000,76.9
2153.500,76.9
2154.000,76.9
2154.500,76.9
2155.000,76.9
2155.500,76.9
2156.000,76.9
2156.500,76.9
2157.000,76.9
2157.500,76.9
2158.000,76.8
2158.500,76.8
2159.000,76.8
2159.500,76.8
2160.000,76.8
2160.500,76.8
2161.000,76.8
2161.500,76.8
2162.000,76.8
2162.500,76.8
2163.000,76.8
2163.500,76.8
2164.000,76.8
2164.500,76.8
2165.000,76.8
2165.500,76.8
2166.000,76.8
2166.500,76.8
2167.000,76.8
2167.500,76.8
2168.000,76.8
2168.500,76.8
2169.000,76.8
2169.500,76.8
2170.000,76.8
2170.500,76.8
2171.000,76.8
2171.500,76.8
2172.000,76.8
2172.500,76.8
2173.000,76.8
2173.500,76.8
2174.000,76.8
2174.500,76.8
2175.000,76.8
2175.500,76.8
2176.000,76.8
2176.500,76.8
2177.000,76.8
2177.500,76.8
2178.000,76.8
2178.500,76.8
2179.000,76.8
2179.500,76.7
2180.000,76.7
2180.500,76.7
2181.000,76.7
2181.500,76.7
2182.000,76.7
2182.500,76.7
2183.000,76.7
2183.500,76.7
2184.000,76.7
2184.500,76.7
2185.000,76.7
2185.500,76.7
2186.000,76.7
2186.500,76.7
2187.000,76.7
2187.500,76.7
2188.000,76.7
2188.500,76.7
2189.000,76.7
2189.500,76.7
2190.000,76.7
2190.500,76.7
2191.000,76.7
2191.500,76.7
2192.000,76.7
2192.500,76.7
2193.000,76.7
2193.500,76.7
2194.000,76.7
2194.500,76.6
2195.000,76.6
2195.500,76.6
2196.000,76.6
2196.500,76.6
2197.000,76.6
2197.500,76.6
2198.000,76.6
2198.500,76.6
2199.000,76.6
2199.500,76.6
2200.000,76.6
2200.500,76.6
2201.000,76.6
2201.500,76.6
2202.000,76.6
2202.500,76.6
2203.000,76.6
2203.500,76.6
2204.000,76.7
2204.500,76.7
2205.000,76.7
2205.500,76.7
2206.000,76.7
2206.500,76.7
2207.000,76.7
2207.500,76.7
2208.000,76.7
2208.500,76.7
2209.000,76.7
2209.500,76.7
2210.000,76.7
2210.500,76.7
2211.000,76.7
2211.500,76.7
2212.000,76.7
2212.500,76.7
2213.000,76.7
2213.500,76.7
2214.000,76.6
2214.500,76.6
2215.000,76.6
2215.500,76.6
2216.000,76.6
2216.500,76.6
2217.000,76.6
2217.500,76.6
2218.000,76.6
2218.500,76.6
2219.000,76.6
2219.500,76.6
2220.000,76.6
2220.500,76.6
2221.000,76.5
2221.500,76.5
2222.000,76.5
2222.500,76.5
2223.000,76.5
2223.500,76.5
2224.000,76.5
2224.500,76.5
2225.000,76.5
2225.500,76.5
2226.000,76.5
2226.500,76.5
2227.000,76.5
2227.500,76.5
2228.000,76.5
2228.500,76.5
2229.000,76.5
2229.500,76.5
2230.000,76.5
2230.500,76.5
2231.000,76.5
2231.500,76.5
2232.000,76.5
2232.500,76.5
2233.000,76.5
2233.500,76.5
2234.000,76.5
2234.500,76.5
2235.000,76.5
2235.500,76.5
2236.000,76.5
2236.500,76.5
2237.000,76.5
2237.500,76.5
2238.000,76.5
2238.500,76.5
2239.000,76.5
2239.500,76.5
2240.000,76.5
2240.500,76.5
2241.000,76.5
2241.500,76.5
2242.000,76.5
2242.500,76.5
2243.000,76.5
2243.500,76.5
2244.000,76.5
2244.500,76.5
2245.000,76.5
2245.500,76.5
2246.000,76.5
2246.500,76.5
2247.000,76.5
2247.500,76.5
2248.000,76.5
2248.500,76.5
2249.000,76.5
2249.500,76.5
2250.000,76.5
2250.500,76.5
2251.000,76.5
2251.500,76.4
2252.000,76.4
2252.500,76.4
2253.000,76.4
2253.500,76.4
2254.000,76.4
2254.500,76.4
2255.000,76.4
2255.500,76.4
2256.000,76.4
2256.500,76.4
2257.000,76.4
2257.500,76.4
2258.000,76.4
2258.500,76.4
2259.000,76.4
2259.500,76.4
2260.000,76.4
2260.500,76.4
2261.000,76.4
2261.500,76.4
2262.000,76.4
2262.500,76.4
2263.000,76.4
2263.500,76.4
2264.000,76.4
2264.500,76.4
2265.000,76.4
2265.500,76.4
2266.000,76.4
2266.500,76.4
2267.000,76.4
2267.500,76.4
2268.000,76.4
2268.500,76.4
2269.000,76.4
2269.500,76.4
2270.000,76.4
2270.500,76.4
2271.000,76.4
2271.500,76.4
2272.000,76.4
2272.500,76.4
2273.000,76.4
2273.500,76.4
2274.000,76.4
2274.500,76.4
2275.000,76.4
2275.500,76.4
2276.000,76.4
2276.500,76.4
2277.000,76.4
2277.500,76.4
2278.000,76.4
2278.500,76.4
2279.000,76.4
2279.500,76.4
2280.000,76.4
2280.500,76.4
2281.000,76.4
2281.500,76.4
2282.000,76.4
2282.500,76.4
2283.000,76.4
2283.500,76.3
2284.000,76.3
2284.500,76.3
2285.000,76.3
2285.500,76.3
2286.000,76.3
2286.500,76.3
2287.000,76.3
2287.500,76.3
2288.000,76.3
2288.500,76.3
2289.000,76.3
2289.500,76.3
2290.000,76.3
2290.500,76.3
2291.000,76.3
2291.500,76.3
2292.000,76.3
2292.500,76.3
2293.000,76.3
2293.500,76.3
2294.000,76.3
2294.500,76.3
2295.000,76.3
2295.500,76.3
2296.000,76.3
2296.500,76.3
2297.000,76.3
2297.500,76.3
2298.000,76.3
2298.500,76.3
2299.000,76.3
2299.500,76.3
2300.000,76.3
2300.500,76.3
2301.000,76.3
2301.500,76.3
2302.000,76.3
2302.500,76.3
2303.000,76.3
2303.500,76.3
2304.000,76.3
2304.500,76.3
2305.000,76.2
2305.500,76.2
2306.000,76.2
2306.500,76.2
2307.000,76.2
2307.500,76.2
2308.000,76.2
2308.500,76.3
2309.000,76.3
2309.500,76.3
2310.000,76.3
2310.500,76.3
2311.000,76.3
2311.500,76.3
2312.000,76.2
2312.500,76.2
2313.000,76.2
2313.500,76.2
2314.000,76.2
2314.500,76.2
2315.000,76.2
2315.500,76.2
2316.000,76.2
2316.500,76.2
2317.000,76.2
2317.500,76.2
2318.000,76.2
2318.500,76.2
2319.000,76.2
2319.500,76.2
2320.000,76.2
2320.500,76.2
2321.000,76.2
2321.500,76.2
2322.000,76.2
2322.500,76.2
2323.000,76.2
2323.500,76.2
2324.000,76.2
2324.500,76.2
2325.000,76.2
2325.500,76.2
2326.000,76.2
2326.500,76.2
2327.000,76.2
2327.500,76.2
2328.000,76.2
2328.500,76.2
2329.000,76.2
2329.500,76.2
2330.000,76.2
2330.500,76.2
2331.000,76.2
2331.500,76.2
2332.000,76.2
2332.500,76.2
2333.000,76.2
2333.500,76.2
2334.000,76.2
2334.500,76.2
2335.000,76.2
2335.500,76.2
2336.000,76.2
2336.500,76.2
2337.000,76.2
2337.500,76.2
2338.000,76.1
2338.500,76.1
2339.000,76.1
2339.500,76.1
2340.000,76.1
2340.500,76.1
2341.000,76.1
2341.500,76.1
2342.000,76.1
2342.500,76.1
2343.000,76.1
2343.500,76.1
2344.000,76.1
2344.500,76.1
2345.000,76.1
2345.500,76.1
2346.000,76.1
2346.500,76.1
2347.000,76.1
2347.500,76.1
2348.000,76.1
2348.500,76.1
2349.000,76.1
2349.500,76.1
2350.000,76.1
2350.500,76.1
2351.000,76.1
2351.500,76.1
2352.000,76.1
2352.500,76.1
2353.000,76.0
2353.500,76.0
2354.000,76.0
2354.500,76.0
2355.000,76.0
2355.500,76.0
2356.000,76.0
2356.500,76.0
2357.000,76.0
2357.500,76.0
2358.000,76.0
2358.500,76.0
2359.000,76.0
2359.500,76.0
2360.000,76.0
2360.500,76.0
2361.000,76.0
2361.500,76.0
2362.000,76.0
2362.500,76.0
2363.000,76.0
2363.500,76.0
2364.000,76.0
2364.500,76.0
2365.000,76.0
2365.500,76.0
2366.000,76.0
2366.500,76.0
2367.000,76.0
2367.500,76.0
2368.000,76.0
2368.500,76.0
2369.000,75.9
2369.500,75.9
2370.000,75.9
2370.500,75.9
2371.000,75.9
2371.500,75.9
2372.000,75.9
2372.500,75.9
2373.000,75.9
2373.500,75.9
2374.000,75.9
2374.500,75.9
2375.000,75.9
2375.500,75.9
2376.000,75.9
2376.500,75.9
2377.000,75.9
2377.500,75.9
2378.000,75.9
2378.500,75.9
2379.000,75.9
2379.500,75.9
2380.000,75.9
2380.500,75.9
2381.000,75.9
2381.500,75.9
2382.000,75.9
2382.500,75.9
2383.000,75.9
2383.500,75.9
2384.000,75.9
2384.500,75.9
2385.000,75.9
2385.500,75.9
2386.000,75.9
2386.500,75.9
2387.000,75.9
2387.500,75.9
2388.000,75.9
2388.500,75.9
2389.000,75.9
2389.500,75.9
2390.000,75.9
2390.500,75.9
2391.000,75.9
2391.500,75.9
2392.000,75.9
2392.500,75.9
2393.000,75.9
2393.500,75.9
2394.000,75.9
2394.500,75.9
2395.000,75.8
2395.500,75.8
2396.000,75.8
2396.500,75.8
2397.000,75.8
2397.500,75.8
2398.000,75.8
2398.500,75.8
2399.000,75.8
2399.500,75.8
2400.000,75.8
2400.500,75.8
2401.000,75.8
2401.500,75.8
2402.000,75.8
2402.500,75.8
2403.000,75.8
2403.500,75.8
2404.000,75.8
2404.500,75.8
2405.000,75.8
2405.500,75.8
2406.000,75.8
2406.500,75.8
2407.000,75.8
2407.500,75.8
2408.000,75.8
2408.500,75.8
2409.000,75.8
2409.500,75.8
2410.000,75.8
2410.500,75.7
2411.000,75.7
2411.500,75.7
2412.000,75.7
2412.500,75.7
2413.000,75.7
2413.500,75.7
2414.000,75.7
2414.500,75.7
2415.000,75.7
2415.500,75.7
2416.000,75.7
2416.500,75.7
2417.000,75.7
2417.500,75.7
2418.000,75.7
2418.500,75.7
2419.000,75.7
2419.500,75.7
2420.000,75.7
2420.500,75.7
2421.000,75.7
2421.500,75.7
2422.000,75.7
2422.500,75.7
2423.000,75.7
2423.500,75.7
2424.000,75.7
2424.500,75.7
2425.000,75.7
2425.500,75.7
2426.000,75.7
2426.500,75.7
2427.000,75.7
2427.500,75.7
2428.000,75.7
2428.500,75.7
2429.000,75.7
2429.500,75.7
2430.000,75.7
2430.500,75.7
2431.000,75.7
2431.500,75.7
2432.000,75.7
2432.500,75.7
2433.000,75.7
2433.500,75.7
2434.000,75.7
2434.500,75.7
2435.000,75.7
2435.500,75.7
2436.000,75.7
2436.500,75.7
2437.000,75.7
2437.500,75.7
2438.000,75.7
2438.500,75.7
2439.000,75.7
2439.500,75.7
2440.000,75.7
2440.500,75.7
2441.000,75.7
2441.500,75.7
2442.000,75.7
2442.500,75.7
2443.000,75.7
2443.500,75.7
2444.000,75.7
2444.500,75.7
2445.000,75.7
2445.500,75.7
2446.000,75.7
2446.500,75.6
2447.000,75.6
2447.500,75.6
2448.000,75.6
2448.500,75.6
2449.000,75.6
2449.500,75.6
2450.000,75.6
2450.500,75.6
2451.000,75.6
2451.500,75.6
2452.000,75.6
2452.500,75.6
2453.000,75.6
2453.500,75.6
2454.000,75.6
2454.500,75.6
2455.000,75.6
2455.500,75.6
2456.000,75.6
2456.500,75.6
2457.000,75.6
2457.500,75.6
2458.000,75.6
2458.500,75.6
2459.000,75.6
2459.500,75.6
2460.000,75.6
2460.500,75.6
2461.000,75.6
2461.500,75.6
2462.000,75.6
2462.500,75.6
2463.000,75.6
2463.500,75.6
2464.000,75.6
2464.500,75.6
2465.000,75.6
2465.500,75.6
2466.000,75.6
2466.500,75.6
2467.000,75.6
2467.500,75.6
2468.000,75.6
2468.500,75.6
2469.000,75.6
2469.500,75.6
2470.000,75.6
2470.500,75.6
2471.000,75.6
2471.500,75.6
2472.000,75.6
2472.500,75.6
2473.000,75.6
2473.500,75.6
2474.000,75.6
2474.500,75.5
2475.000,75.5
2475.500,75.5
2476.000,75.5
2476.500,75.5
2477.000,75.5
2477.500,75.5
2478.000,75.5
2478.500,75.5
2479.000,75.4
2479.500,75.4
2480.000,75.4
2480.500,75.4
2481.000,75.4
2481.500,75.4
2482.000,75.4
2482.500,75.4
2483.000,75.4
2483.500,75.4
2484.000,75.4
2484.500,75.4
2485.000,75.4
2485.500,75.4
2486.000,75.4
2486.500,75.4
2487.000,75.4
2487.500,75.4
2488.000,75.4
2488.500,75.4
2489.000,75.4
2489.500,75.4
2490.000,75.4
2490.500,75.4
2491.000,75.4
2491.500,75.4
2492.000,75.4
2492.500,75.4
2493.000,75.4
2493.500,75.4
2494.000,75.4
2494.500,75.4
2495.000,75.4
2495.500,75.4
2496.000,75.4
2496.500,75.4
2497.000,75.4
2497.500,75.4
2498.000,75.4
2498.500,75.4
2499.000,75.4
2499.500,75.4
2500.000,75.3
2500.500,75.3
2501.000,75.3
2501.500,75.3
2502.000,75.3
2502.500,75.3
2503.000,75.3
2503.500,75.3
2504.000,75.3
2504.500,75.3
2505.000,75.3
2505.500,75.3
2506.000,75.3
2506.500,75.3
2507.000,75.3
2507.500,75.3
2508.000,75.3
2508.500,75.3
2509.000,75.3
2509.500,75.3
2510.000,75.3
2510.500,75.3
2511.000,75.3
2511.500,75.3
2512.000,75.3
2512.500,75.3
2513.000,75.3
2513.500,75.3
2514.000,75.3
2514.500,75.3
2515.000,75.3
2515.500,75.3
2516.000,75.3
2516.500,75.3
2517.000,75.3
2517.500,75.3
2518.000,75.3
2518.500,75.3
2519.000,75.3
2519.500,75.3
2520.000,75.3
2520.500,75.3
2521.000,75.3
2521.500,75.3
2522.000,75.3
2522.500,75.3
2523.000,75.3
2523.500,75.3
2524.000,75.3
2524.500,75.3
2525.000,75.3
2525.500,75.3
2526.000,75.3
2526.500,75.3
2527.000,75.3
2527.500,75.3
2528.000,75.3
2528.500,75.3
2529.000,75.3
2529.500,75.3
2530.000,75.3
2530.500,75.3
2531.000,75.3
2531.500,75.3
2532.000,75.3
2532.500,75.3
2533.000,75.3
2533.500,75.3
2534.000,75.3
2534.500,75.3
2535.000,75.2
2535.500,75.2
2536.000,75.2
2536.500,75.2
2537.000,75.2
2537.500,75.2
2538.000,75.2
2538.500,75.2
2539.000,75.2
2539.500,75.2
2540.000,75.2
2540.500,75.2
2541.000,75.2
2541.500,75.2
2542.000,75.2
2542.500,75.2
2543.000,75.2
2543.500,75.2
2544.000,75.2
2544.500,75.2
2545.000,75.2
2545.500,75.2
2546.000,75.2
2546.500,75.2
2547.000,75.2
2547.500,75.2
2548.000,75.2
2548.500,75.2
2549.000,75.2
2549.500,75.2
2550.000,75.2
2550.500,75.2
2551.000,75.2
2551.500,75.2
2552.000,75.2
2552.500,75.2
2553.000,75.2
2553.500,75.2
2554.000,75.2
2554.500,75.2
2555.000,75.2
2555.500,75.2
2556.000,75.2
2556.500,75.2
2557.000,75.2
2557.500,75.2
2558.000,75.2
2558.500,75.1
2559.000,75.1
2559.500,75.1
2560.000,75.1
2560.500,75.1
2561.000,75.1
2561.500,75.1
2562.000,75.1
2562.500,75.1
2563.000,75.1
2563.500,75.1
2564.000,75.1
2564.500,75.1
2565.000,75.1
2565.500,75.1
2566.000,75.1
2566.500,75.1
2567.000,75.1
2567.500,75.1
2568.000,75.1
2568.500,75.1
2569.000,75.1
2569.500,75.1
2570.000,75.1
2570.500,75.1
2571.000,75.1
2571.500,75.1
2572.000,75.1
2572.500,75.1
2573.000,75.1
2573.500,75.1
2574.000,75.1
2574.500,75.1
2575.000,75.1
2575.500,75.1
2576.000,75.1
2576.500,75.1
2577.000,75.1
2577.500,75.1
2578.000,75.1
2578.500,75.1
2579.000,75.1
2579.500,75.1
2580.000,75.0
2580.500,75.0
2581.000,75.0
2581.500,75.0
2582.000,75.0
2582.500,75.0
2583.000,75.0
2583.500,75.0
2584.000,75.0
2584.500,75.0
2585.000,75.0
2585.500,75.0
2586.000,75.0
2586.500,75.0
2587.000,75.0
2587.500,75.0
2588.000,75.0
2588.500,75.0
2589.000,75.0
2589.500,75.0
2590.000,75.0
2590.500,75.0
2591.000,75.0
2591.500,75.0
2592.000,75.0
2592.500,75.0
2593.000,75.0
2593.500,75.0
2594.000,75.0
2594.500,75.0
2595.000,75.0
2595.500,75.0
2596.000,75.0
2596.500,75.0
2597.000,75.0
2597.500,75.0
2598.000,75.0
2598.500,75.0
2599.000,75.0
2599.500,75.0
2600.000,75.0
2600.500,75.0
2601.000,75.0
2601.500,75.0
2602.000,75.0
2602.500,75.0
2603.000,75.0
2603.500,75.0
2604.000,75.0
2604.500,75.0
2605.000,75.0
2605.500,75.0
2606.000,75.0
2606.500,75.0
2607.000,75.0
2607.500,75.0
2608.000,74.9
2608.500,74.9
2609.000,74.9
2609.500,74.9
2610.000,74.9
2610.500,74.9
2611.000,74.9
2611.500,74.9
2612.000,74.9
2612.500,74.9
2613.000,74.9
2613.500,74.9
2614.000,74.9
2614.500,74.9
2615.000,74.9
2615.500,74.9
2616.000,74.9
2616.500,74.9
2617.000,74.9
2617.500,74.9
2618.000,74.9
2618.500,74.9
2619.000,74.9
2619.500,74.9
2620.000,74.9
2620.500,74.9
2621.000,74.9
2621.500,74.9
2622.000,74.9
2622.500,74.9
2623.000,74.9
2623.500,74.9
2624.000,74.9
2624.500,74.9
2625.000,74.9
2625.500,74.9
2626.000,74.9
2626.500,74.9
2627.000,74.9
2627.500,74.9
2628.000,74.9
2628.500,74.9
2629.000,74.9
2629.500,74.9
2630.000,74.9
2630.500,74.9
2631.000,74.9
2631.500,74.9
2632.000,74.8
2632.500,74.8
2633.000,74.8
2633.500,74.8
2634.000,74.8
2634.500,74.8
2635.000,74.8
2635.500,74.8
2636.000,74.8
2636.500,74.8
2637.000,74.8
2637.500,74.8
2638.000,74.8
2638.500,74.8
2639.000,74.8
2639.500,74.8
2640.000,74.8
2640.500,74.8
2641.000,74.8
2641.500,74.8
2642.000,74.8
2642.500,74.8
2643.000,74.8
2643.500,74.8
2644.000,74.8
2644.500,74.8
2645.000,74.8
2645.500,74.8
2646.000,74.8
2646.500,74.8
2647.000,74.8
2647.500,74.8
2648.000,74.8
2648.500,74.8
2649.000,74.8
2649.500,74.8
2650.000,74.8
2650.500,74.8
2651.000,74.8
2651.500,74.8
2652.000,74.8
2652.500,74.8
2653.000,74.8
2653.500,74.8
2654.000,74.8
2654.500,74.8
2655.000,74.8
2655.500,74.8
2656.000,74.8
2656.500,74.7
2657.000,74.7
2657.500,74.7
2658.000,74.7
2658.500,74.7
2659.000,74.7
2659.500,74.7
2660.000,74.7
2660.500,74.7
2661.000,74.7
2661.500,74.7
2662.000,74.7
2662.500,74.7
2663.000,74.7
2663.500,74.7
2664.000,74.7
2664.500,74.7
2665.000,74.7
2665.500,74.7
2666.000,74.7
2666.500,74.7
2667.000,74.7
2667.500,74.7
2668.000,74.7
2668.500,74.7
2669.000,74.7
2669.500,74.7
2670.000,74.7
2670.500,74.7
2671.000,74.7
2671.500,74.7
2672.000,74.7
2672.500,74.7
2673.000,74.7
2673.500,74.7
2674.000,74.7
2674.500,74.7
2675.000,74.6
2675.500,74.6
2676.000,74.6
2676.500,74.6
2677.000,74.6
2677.500,74.6
2678.000,74.6
2678.500,74.6
2679.000,74.6
2679.500,74.6
2680.000,74.6
2680.500,74.6
2681.000,74.6
2681.500,74.6
2682.000,74.6
2682.500,74.6
2683.000,74.6
2683.500,74.6
2684.000,74.6
2684.500,74.6
2685.000,74.6
2685.500,74.6
2686.000,74.6
2686.500,74.6
2687.000,74.6
2687.500,74.6
2688.000,74.6
2688.500,74.6
2689.000,74.6
2689.500,74.6
2690.000,74.6
2690.500,74.6
2691.000,74.6
2691.500,74.6
2692.000,74.6
2692.500,74.6
2693.000,74.6
2693.500,74.6
2694.000,74.6
2694.500,74.6
2695.000,74.6
2695.500,74.6
2696.000,74.6
2696.500,74.6
2697.000,74.6
2697.500,74.6
2698.000,74.6
2698.500,74.6
2699.000,74.6
2699.500,74.6
2700.000,74.6
2700.500,74.6
2701.000,74.6
2701.500,74.6
2702.000,74.6
2702.500,74.6
2703.000,74.5
2703.500,74.5
2704.000,74.5
2704.500,74.5
2705.000,74.5
2705.500,74.5
2706.000,74.5
2706.500,74.5
2707.000,74.5
2707.500,74.5
2708.000,74.5
2708.500,74.5
2709.000,74.5
2709.500,74.5
2710.000,74.5
2710.500,74.5
2711.000,74.5
2711.500,74.5
2712.000,74.5
2712.500,74.5
2713.000,74.5
2713.500,74.5
2714.000,74.5
2714.500,74.5
2715.000,74.5
2715.500,74.5
2716.000,74.5
2716.500,74.5
2717.000,74.5
2717.500,74.5
2718.000,74.5
2718.500,74.5
2719.000,74.5
2719.500,74.5
2720.000,74.5
2720.500,74.5
2721.000,74.5
2721.500,74.5
2722.000,74.5
2722.500,74.5
2723.000,74.5
2723.500,74.5
2724.000,74.5
2724.500,74.5
2725.000,74.5
2725.500,74.5
2726.000,74.5
2726.500,74.5
2727.000,74.5
2727.500,74.5
2728.000,74.5
2728.500,74.5
2729.000,74.5
2729.500,74.4
2730.000,74.4
2730.500,74.4
2731.000,74.4
2731.500,74.4
2732.000,74.4
2732.500,74.4
2733.000,74.4
2733.500,74.4
2734.000,74.4
2734.500,74.4
2735.000,74.4
2735.500,74.4
2736.000,74.4
2736.500,74.4
2737.000,74.4
2737.500,74.4
2738.000,74.4
2738.500,74.4
2739.000,74.4
2739.500,74.4
2740.000,74.4
2740.500,74.4
2741.000,74.4
2741.500,74.4
2742.000,74.4
2742.500,74.4
2743.000,74.4
2743.500,74.4
2744.000,74.4
2744.500,74.4
2745.000,74.4
2745.500,74.4
2746.000,74.4
2746.500,74.4
2747.000,74.4
2747.500,74.4
2748.000,74.4
2748.500,74.4
2749.000,74.4
2749.500,74.4
2750.000,74.4
2750.500,74.4
2751.000,74.4
2751.500,74.4
2752.000,74.4
2752.500,74.4
2753.000,74.4
2753.500,74.4
2754.000,74.4
2754.500,74.4
2755.000,74.4
2755.500,74.4
2756.000,74.4
2756.500,74.4
2757.000,74.4
2757.500,74.4
2758.000,74.4
2758.500,74.4
2759.000,74.4
2759.500,74.4
2760.000,74.4
2760.500,74.4
2761.000,74.4
2761.500,74.4
2762.000,74.4
2762.500,74.4
2763.000,74.4
2763.500,74.4
2764.000,74.4
2764.500,74.3
2765.000,74.3
2765.500,74.3
2766.000,74.3
2766.500,74.3
2767.000,74.3
2767.500,74.3
2768.000,74.3
2768.500,74.3
2769.000,74.3
2769.500,74.3
2770.000,74.3
2770.500,74.3
2771.000,74.3
2771.500,74.3
2772.000,74.3
2772.500,74.3
2773.000,74.3
2773.500,74.3
2774.000,74.3
2774.500,74.3
2775.000,74.3
2775.500,74.3
2776.000,74.3
2776.500,74.3
2777.000,74.3
2777.500,74.3
2778.000,74.3
2778.500,74.3
2779.000,74.3
2779.500,74.3
2780.000,74.3
2780.500,74.3
2781.000,74.3
2781.500,74.3
2782.000,74.3
2782.500,74.3
2783.000,74.3
2783.500,74.3
2784.000,74.3
2784.500,74.3
2785.000,74.3
2785.500,74.3
2786.000,74.3
2786.500,74.3
2787.000,74.3
2787.500,74.3
2788.000,74.2
2788.500,74.2
2789.000,74.2
2789.500,74.2
2790.000,74.2
2790.500,74.2
2791.000,74.2
2791.500,74.2
2792.000,74.2
2792.500,74.2
2793.000,74.2
2793.500,74.2
2794.000,74.2
2794.500,74.2
2795.000,74.2
2795.500,74.2
2796.000,74.2
2796.500,74.2
2797.000,74.2
2797.500,74.2
2798.000,74.2
2798.500,74.2
2799.000,74.2
2799.500,74.2
2800.000,74.2
2800.500,74.2
2801.000,74.2
2801.500,74.2
2802.000,74.2
2802.500,74.2
2803.000,74.2
2803.500,74.2
2804.000,74.2
2804.500,74.2
2805.000,74.2
2805.500,74.2
2806.000,74.2
2806.500,74.2
2807.000,74.2
2807.500,74.2
2808.000,74.2
2808.500,74.2
2809.000,74.2
2809.500,74.2
2810.000,74.2
2810.500,74.2
2811.000,74.2
2811.500,74.2
2812.000,74.2
2812.500,74.2
2813.000,74.2
2813.500,74.2
2814.000,74.2
2814.500,74.2
2815.000,74.2
2815.500,74.2
2816.000,74.2
2816.500,74.2
2817.000,74.1
2817.500,74.1
2818.000,74.1
2818.500,74.1
2819.000,74.1
2819.500,74.1
2820.000,74.1
2820.500,74.1
2821.000,74.1
2821.500,74.1
2822.000,74.1
2822.500,74.1
2823.000,74.1
2823.500,74.1
2824.000,74.1
2824.500,74.1
2825.000,74.1
2825.500,74.1
2826.000,74.1
2826.500,74.1
2827.000,74.1
2827.500,74.1
2828.000,74.1
2828.500,74.1
2829.000,74.1
2829.500,74.1
2830.000,74.1
2830.500,74.1
2831.000,74.0
2831.500,74.0
2832.000,74.0
2832.500,74.0
2833.000,74.0
2833.500,74.0
2834.000,74.0
2834.500,74.0
2835.000,74.0
2835.500,74.0
2836.000,74.0
2836.500,74.0
2837.000,74.0
2837.500,74.0
2838.000,74.0
2838.500,74.0
2839.000,74.0
2839.500,74.0
2840.000,74.0
2840.500,74.0
2841.000,74.0
2841.500,74.0
2842.000,74.0
2842.500,74.0
2843.000,74.0
2843.500,74.0
2844.000,74.0
2844.500,74.0
2845.000,74.0