Time (s) 1#1,Angle (rad) 1#1,Time (s) 1A#1,Angle (rad) 1A#1,Time (s) 1A#2,Angle (rad) 1A#2,Time (s) 1B#1,Angle (rad) 1B#1,Time (s) 1B#2,Angle (rad) 1B#2,Time (s) 1C#1,Angle (rad) 1C#1,Time (s) 1AB#1,Angle (rad) 1AB#1,Time (s) 1AB#2,Angle (rad) 1AB#2,Time (s) 1AC#1,Angle (rad) 1AC#1,Time (s) 1BC#1,Angle (rad) 1BC#1,Time (s) 1ABC#1,Angle (rad) 1ABC#1,Time (s) 1ABC#2,Angle (rad) 1ABC#2,Time (s) 2#1,Angle (rad) 2#1,Time (s) 2A#1,Angle (rad) 2A#1,Time (s) 2B#1,Angle (rad) 2B#1,Time (s) 2C#1,Angle (rad) 2C#1,Time (s) 2C#2,Angle (rad) 2C#2,Time (s) 2AB#1,Angle (rad) 2AB#1,Time (s) 2AC#1,Angle (rad) 2AC#1,Time (s) 2BC#1,Angle (rad) 2BC#1,Time (s) 2ABC#1,Angle (rad) 2ABC#1,Time (s) 3#1,Angle (rad) 3#1,Time (s) 3A#1,Angle (rad) 3A#1,Time (s) 3B#1,Angle (rad) 3B#1,Time (s) 3C#1,Angle (rad) 3C#1,Time (s) 3AB#1,Angle (rad) 3AB#1,Time (s) 3AB#2,Angle (rad) 3AB#2,Time (s) 3AC#1,Angle (rad) 3AC#1,Time (s) 3BC#1,Angle (rad) 3BC#1,Time (s) 3BC#2,Angle (rad) 3BC#2,Time (s) 3ABC#1,Angle (rad) 3ABC#1,Time (s) 4#1,Angle (rad) 4#1,Time (s) 4A#1,Angle (rad) 4A#1,Time (s) 4B#1,Angle (rad) 4B#1,Time (s) 4C#1,Angle (rad) 4C#1,Time (s) 4AB#1,Angle (rad) 4AB#1,Time (s) 4AC#1,Angle (rad) 4AC#1,Time (s) 4BC#1,Angle (rad) 4BC#1,Time (s) 4BC#2,Angle (rad) 4BC#2,Time (s) 4ABC#1,Angle (rad) 4ABC#1
4.406499999999999,3.61,5.9465,0.005,3.1990000000000003,0.019,6.1194999999999995,4.486,4.556,4.563,3.952,0.006,3.3405,0.002,6.817,4.727,3.7449999999999997,0.009,4.5035,0.003,7.6625,4.7,7.0264999999999995,0.002,2.9515000000000002,2.138,2.528,0.002,2.393,1.811,4.082,1.982,3.3395,0.002,5.7965,2.108,1.8685,0.002,3.4709999999999996,0.008,5.1225000000000005,2.317,3.0909999999999997,0.738,4.317,0.961,3.2505,0.867,2.3295,0.008,8.75,1.012,2.914,0.892,3.0389999999999997,0.002,2.287,0.851,3.227,0.017,6.045,1.079,0.0395,0.005,4.2490000000000006,0.102,3.7375000000000003,0.124,2.7840000000000003,0.003,3.1015,0.003,4.619,0.151,1.7034999999999998,0.099,2.617,0.19,3.5155,0.157
5.505,4.698,8.38,5.143,6.2235000000000005,4.728,7.839499999999999,4.097,5.5305,4.459,6.0515,4.755,6.4415,4.221,9.7285,4.309,5.362500000000001,4.968,6.1815,4.81,9.3585,4.271,8.815,4.802,3.2285,2.378,3.8470000000000004,1.916,2.768,1.854,4.4965,1.968,3.4765,0.003,6.242000000000001,2.121,3.072,1.99,4.6795,2.058,6.26,2.482,3.967,0.79,4.761500000000001,0.994,3.41,0.638,3.3419999999999996,0.894,9.169,1.019,3.832,0.955,4.406499999999999,1.166,2.6505,0.848,4.2355,1.224,6.444999999999999,1.073,0.225,0.003,4.5665,0.08,4.000500000000001,0.112,3.4515000000000002,0.138,3.6435,0.146,5.238,0.184,1.9685000000000001,0.085,2.9265,0.163,3.678,0.156
5.881,4.687,9.702,4.271,7.487,4.62,8.520999999999999,3.936,7.0335,4.134,8.9675,4.505,7.812,3.841,10.681999999999999,4.166,6.5440000000000005,4.623,6.3315,4.782,10.422,4.013,9.394,4.761,3.621,2.086,4.75,1.706,2.9074999999999998,1.904,4.6425,1.982,5.103,2.424,6.6685,1.99,3.4915000000000003,2.091,5.136,2.004,6.404,2.493,5.289499999999999,0.675,4.9545,0.617,3.5765000000000002,0.412,3.7059999999999995,0.913,9.32,1.034,4.0715,0.861,4.7505,1.111,2.989,0.936,4.3385,1.224,6.7665,1.004,0.41000000000000003,0.003,4.7465,0.077,4.1495,0.107,3.5965000000000003,0.132,3.9705,0.143,5.455,0.168,2.1475,0.08,3.108,0.159,3.915,0.143
6.8845,4.298,10.513,4.595,8.4745,4.284,9.1795,3.745,7.715999999999999,3.886,9.606499999999999,4.389,8.7735,3.511,11.609,3.985,7.473,4.481,7.582999999999999,4.427,11.4425,3.828,11.370000000000001,4.302,3.895,2.295,5.132,1.921,3.182,1.511,4.946000000000001,1.97,5.4295,2.447,7.1005,1.945,3.6685,2.072,5.526,1.987,6.882,2.375,5.544,0.691,5.181,0.352,3.7525,0.346,3.9579999999999997,0.716,9.5565,0.9,4.3275,0.774,5.378,1.111,3.2689999999999997,0.953,4.671,0.914,7.046499999999999,0.96,0.5945,0.003,4.925000000000001,0.072,4.2985,0.101,3.739,0.124,4.231,0.13,5.662,0.163,2.3275,0.075,3.2889999999999997,0.148,4.1485,0.138
7.339,4.104,11.306000000000001,3.932,9.285,4.172,9.8515,3.655,8.373,3.778,10.235999999999999,4.241,9.694,3.443,12.558,3.881,8.381,4.302,8.4005,4.21,12.501,3.632,12.435,4.106,4.181,2.267,5.4565,1.285,3.4945,1.205,5.2745,1.967,5.7090000000000005,2.439,7.528,1.876,4.095,1.97,5.9155,1.825,7.364000000000001,2.308,5.6754999999999995,0.674,5.3915,0.347,3.9295,0.319,4.1245,0.534,9.811,0.774,4.5745000000000005,0.735,5.617,0.974,3.7145,0.74,4.887,0.694,7.3229999999999995,0.914,0.779,0.003,5.103,0.068,4.4485,0.096,3.881,0.119,4.4425,0.126,5.8685,0.152,2.508,0.072,3.4699999999999998,0.143,4.3835,0.129
7.784000000000001,4.002,12.1135,4.31,10.0775,3.974,10.5095,3.484,9.045,3.597,10.874,4.152,10.65,3.173,13.4855,3.72,9.3065,4.196,9.1905,4.048,13.5215,3.468,13.456,3.867,4.438,2.351,5.8374999999999995,1.17,3.7924999999999995,1.089,5.5840000000000005,2.02,6.030500000000001,2.406,7.96,1.838,4.5195,1.912,6.2865,1.758,7.8385,2.22,5.794,0.671,5.6035,0.346,4.104,0.311,4.2915,0.522,10.0585,0.732,4.826,0.702,5.86,0.834,3.9200000000000004,0.633,5.098999999999999,0.617,7.6005,0.889,1.1789999999999998,0.006,5.282,0.064,4.5985,0.091,4.0235,0.113,4.6545,0.118,6.076,0.148,2.6865,0.068,3.6515,0.135,4.6175,0.124
8.237499999999999,3.842,12.906,3.655,10.8835,3.903,11.1805,3.405,9.702,3.522,11.503499999999999,4.028,11.571,3.138,14.434000000000001,3.624,10.2145,4.031,10.004,3.885,14.578,3.285,14.513,3.731,4.7175,2.3,6.201,1.139,4.101500000000001,1.018,5.8565000000000005,1.72,6.389,2.325,8.387500000000001,1.777,4.936999999999999,1.841,6.652,1.674,8.3195,2.161,5.912999999999999,0.661,5.8134999999999994,0.341,4.281,0.302,4.4595,0.509,10.309999999999999,0.693,5.0735,0.675,6.1055,0.759,4.1385,0.569,5.311999999999999,0.573,7.8759999999999994,0.856,1.549,0.115,5.460999999999999,0.061,4.7475,0.086,4.166,0.108,4.8655,0.113,6.283,0.138,2.867,0.064,3.8314999999999997,0.129,4.8525,0.116
8.6825,3.748,13.710500000000001,4.046,11.676,3.717,11.8385,3.252,10.373,3.355,12.141,3.943,12.5255,2.879,15.360999999999999,3.468,11.1395,3.932,10.794,3.746,15.596,3.131,15.5335,3.512,5.083,2.29,6.5680000000000005,1.114,4.4025,0.974,6.149,1.348,6.6635,1.94,8.8195,1.742,5.3595,1.803,7.0225,1.632,8.7935,2.083,6.0315,0.658,6.024,0.338,4.4565,0.3,4.6265,0.5,10.5575,0.668,5.324,0.655,6.349,0.723,4.3505,0.551,5.5225,0.54,8.153,0.836,1.908,0.099,5.639,0.057,4.896999999999999,0.082,4.3085,0.102,5.077,0.107,6.4895,0.134,3.045,0.06,4.012,0.121,5.0875,0.112
9.136,3.602,14.5015,3.396,12.48,3.663,12.508999999999999,3.175,11.0295,3.291,12.77,3.814,13.4455,2.853,16.309,3.371,12.046,3.77,11.605999999999998,3.594,16.652,2.95,16.59,3.387,5.284000000000001,2.309,6.931,1.084,4.709499999999999,0.944,6.437,1.302,6.9525,1.646,9.2465,1.682,5.7764999999999995,1.739,7.3855,1.566,9.275,2.031,6.1505,0.65,6.2345,0.335,4.6315,0.295,4.794,0.49,10.8085,0.641,5.5715,0.633,6.5915,0.69,4.562,0.537,5.736,0.518,8.427999999999999,0.811,2.008,0.094,5.817,0.053,5.045999999999999,0.077,4.4505,0.099,5.2885,0.102,6.6955,0.124,3.2245000000000004,0.057,4.1925,0.116,5.322,0.105
9.58,3.514,15.3065,3.793,13.271500000000001,3.492,13.165,3.024,11.7005,3.124,13.407,3.731,14.4005,2.592,17.233,3.215,12.9715,3.671,12.3965,3.464,17.6685,2.798,17.608,3.171,5.563,2.309,7.297499999999999,1.059,5.011,0.913,6.7275,1.221,7.2435,1.525,9.6785,1.649,6.1995000000000005,1.704,7.7555000000000005,1.528,9.749,1.959,6.269,0.646,6.4455,0.331,4.8069999999999995,0.294,4.961,0.482,11.056000000000001,0.624,5.8215,0.619,6.835500000000001,0.663,4.775,0.526,5.948,0.507,8.705,0.793,2.1085000000000003,0.091,5.995,0.05,5.195,0.072,4.5925,0.091,5.499,0.096,6.902,0.119,3.4025,0.052,4.3735,0.11,5.556,0.101
10.033,3.368,16.0955,3.154,14.076500000000001,3.443,13.836500000000001,2.944,12.3565,3.063,14.035499999999999,3.602,15.3175,2.568,18.183,3.118,13.8765,3.508,13.2085,3.313,18.729,2.611,18.6655,3.043,6.073,2.238,7.660500000000001,1.03,5.3165,0.884,7.0155,1.2,7.5315,1.48,10.1055,1.594,6.6165,1.641,8.119,1.47,10.2295,1.91,6.3875,0.638,6.656,0.328,4.9830000000000005,0.289,5.129,0.474,11.306,0.605,6.069500000000001,0.602,7.077500000000001,0.641,4.986000000000001,0.515,6.161,0.498,8.981,0.773,2.209,0.086,6.173000000000001,0.047,5.344,0.069,4.7345,0.09,5.7105,0.091,7.108499999999999,0.112,3.5814999999999997,0.049,4.5535,0.104,5.7895,0.094
10.4755,3.274,16.902,3.555,14.867,3.283,14.492500000000001,2.793,13.027499999999998,2.897,14.671999999999999,3.522,16.2725,2.304,19.1055,2.963,14.802999999999999,3.404,13.995,3.181,19.741,2.457,19.6805,2.824,6.3309999999999995,2.209,8.0275,1.007,5.6185,0.856,7.307,1.129,7.823,1.411,10.536999999999999,1.561,7.0385,1.608,8.488,1.434,10.704,1.843,6.506,0.635,6.867,0.325,5.158,0.287,5.296,0.467,11.5535,0.591,6.3185,0.587,7.321000000000001,0.624,5.1985,0.507,6.3715,0.489,9.257,0.756,2.31,0.085,6.351,0.044,5.493,0.064,4.876,0.082,5.921499999999999,0.086,7.315,0.107,3.7605,0.046,4.733,0.097,6.023,0.09
10.929499999999999,3.127,17.69,2.919,15.671999999999999,3.234,15.164499999999999,2.717,13.6815,2.834,15.2995,3.399,17.1895,2.289,20.0565,2.864,15.7045,3.236,14.8085,3.03,20.8015,2.264,20.740000000000002,2.691,6.5515,2.191,8.3905,0.98,5.924499999999999,0.831,7.5945,1.12,8.1115,1.384,10.9635,1.51,7.456,1.549,8.8515,1.378,11.1845,1.797,6.6245,0.625,7.077500000000001,0.322,5.3335,0.283,5.463,0.46,11.802999999999999,0.575,6.567,0.573,7.5635,0.608,5.4094999999999995,0.5,6.5840000000000005,0.481,9.5335,0.737,2.4105,0.08,6.528,0.041,5.6425,0.061,5.018,0.08,6.1325,0.082,7.5205,0.101,3.9385000000000003,0.042,4.9135,0.093,6.258,0.085
11.371,3.03,18.496999999999996,3.318,16.462999999999997,3.085,15.819,2.567,14.3545,2.664,15.9365,3.311,18.143,2.025,20.977,2.71,16.633,3.129,15.594000000000001,2.897,21.814,2.113,21.752,2.476,6.773000000000001,2.169,8.7575,0.957,6.226,0.804,7.8855,1.056,8.4025,1.326,11.395,1.477,7.878,1.516,9.221,1.343,11.658499999999998,1.733,6.743,0.622,7.288,0.319,5.5095,0.283,5.6305,0.454,12.052000000000001,0.564,6.816000000000001,0.561,7.8069999999999995,0.595,5.622,0.493,6.7955,0.473,9.8095,0.724,2.511,0.077,6.706,0.038,5.791,0.058,5.1605,0.074,6.343,0.077,7.726500000000001,0.096,4.117,0.039,5.0935,0.088,6.492,0.08
11.825,2.884,19.283,2.681,17.2695,3.033,16.4915,2.491,15.0065,2.593,16.5635,3.187,19.0605,2.02,21.9285,2.606,17.532,2.956,16.4095,2.741,22.8755,1.916,22.8125,2.34,7.2015,2.124,9.120000000000001,0.93,6.5315,0.779,8.173,1.051,8.691,1.305,11.821,1.425,8.2945,1.459,9.5845,1.291,12.1395,1.69,6.862,0.614,7.499,0.316,5.685,0.278,5.798,0.446,12.301,0.548,7.063999999999999,0.547,8.0495,0.58,5.833,0.485,7.008,0.465,10.0845,0.707,2.612,0.074,6.883,0.035,5.94,0.055,5.3020000000000005,0.072,6.5535,0.072,7.932499999999999,0.09,4.2945,0.036,5.274,0.083,6.725499999999999,0.075
12.266,2.788,20.0905,3.079,18.058,2.882,17.145,2.34,15.6815,2.425,17.2015,3.101,20.011,1.756,22.848000000000003,2.457,18.462500000000002,2.843,17.192500000000003,2.6,23.886,1.778,23.825000000000003,2.139,7.5695,1.915,9.4865,0.908,6.833,0.754,8.464,0.99,8.9815,1.252,12.252999999999998,1.393,8.717,1.428,9.9535,1.258,12.6135,1.629,6.9805,0.611,7.71,0.314,5.86,0.276,5.9645,0.44,12.549,0.539,7.313,0.537,8.293,0.569,6.045000000000001,0.478,7.2185,0.457,10.3615,0.696,2.712,0.071,7.06,0.031,6.088,0.05,5.4435,0.064,6.763,0.068,8.1385,0.085,4.4725,0.033,5.4535,0.079,6.959,0.071
12.721,2.639,20.8755,2.438,18.8645,2.826,17.8185,2.265,16.332,2.355,17.827,2.974,20.925,1.759,23.799,2.348,19.3595,2.669,18.0095,2.433,24.947499999999998,1.59,24.8855,2.007,7.7755,1.893,9.8495,0.883,7.1385000000000005,0.73,8.751999999999999,0.99,9.270000000000001,1.233,12.679,1.343,9.1335,1.373,10.316999999999998,1.21,13.093,1.587,7.0995,0.603,7.9205,0.311,6.0355,0.272,6.132000000000001,0.434,12.7985,0.526,7.5615,0.526,8.536,0.556,6.2565,0.471,7.430499999999999,0.449,10.637,0.68,2.8125,0.066,7.2375,0.03,6.2364999999999995,0.047,5.5855,0.064,6.9745,0.064,8.344,0.08,4.649500000000001,0.03,5.633500000000001,0.074,7.192,0.066
13.162,2.545,21.6845,2.831,19.6525,2.675,18.4685,2.111,17.0075,2.183,18.4645,2.882,21.874499999999998,1.502,24.718,2.205,20.291500000000003,2.549,18.7905,2.292,25.9575,1.459,25.8965,1.814,7.9805,1.838,10.216000000000001,0.861,7.4395,0.707,9.0425,0.93,9.561,1.183,13.111,1.312,9.556,1.343,10.6865,1.178,13.567,1.528,7.218000000000001,0.6,8.131,0.308,6.2115,0.272,6.299499999999999,0.429,13.0465,0.517,7.8105,0.517,8.779,0.547,6.4685,0.465,7.641499999999999,0.441,10.913,0.669,2.9125,0.064,7.4135,0.027,6.3845,0.044,5.7275,0.058,7.1835,0.06,8.55,0.075,4.8275,0.027,5.8125,0.069,7.427499999999999,0.063
13.6175,2.403,22.465500000000002,2.177,20.4605,2.612,19.1415,2.037,17.656,2.114,19.0885,2.75,22.790499999999998,1.513,25.669999999999998,2.095,21.1875,2.373,19.608,2.117,27.019,1.282,26.9555,1.689,8.1865,1.814,10.5785,0.836,7.745,0.683,9.3295,0.931,9.8485,1.167,13.5375,1.263,9.972,1.29,11.049000000000001,1.131,14.0475,1.488,7.337000000000001,0.592,8.3415,0.305,6.386500000000001,0.267,6.4665,0.423,13.295499999999999,0.506,8.0595,0.509,9.020999999999999,0.536,6.6795,0.459,7.8534999999999995,0.434,11.1885,0.653,3.013,0.06,7.5925,0.025,6.5325,0.041,5.868,0.057,7.3945,0.057,8.755,0.071,5.005,0.025,5.9945,0.066,7.659,0.058
14.0575,2.314,23.275000000000002,2.57,21.247999999999998,2.46,19.7895,1.882,18.3295,1.94,19.7285,2.659,23.735,1.261,26.59,1.962,22.1215,2.246,20.387999999999998,1.985,28.028000000000002,1.162,27.965,1.508,8.3915,1.761,10.9455,0.814,8.0465,0.661,9.6205,0.875,10.14,1.118,13.969,1.235,10.394499999999999,1.261,11.418,1.1,14.521500000000001,1.433,7.455,0.589,8.5525,0.302,6.561000000000001,0.265,6.6335,0.416,13.5435,0.5,8.3075,0.501,9.264,0.529,6.891499999999999,0.451,8.065000000000001,0.427,11.465,0.644,3.113,0.058,7.768,0.022,6.6805,0.038,6.0089999999999995,0.05,7.603,0.052,8.9615,0.068,5.1815,0.022,6.172,0.061,7.8915,0.053
14.513,2.174,24.057,1.924,22.0565,2.394,20.465,1.802,18.977,1.874,20.348999999999997,2.518,24.654,1.283,27.535999999999998,1.858,23.0135,2.072,21.2045,1.814,29.0805,1.001,29.0235,1.396,8.5975,1.736,11.308,0.79,8.3515,0.639,9.908,0.88,10.4275,1.106,14.3955,1.189,10.811,1.21,11.780999999999999,1.056,15.0005,1.392,7.574,0.581,8.7625,0.298,6.7364999999999995,0.261,6.802,0.412,13.792,0.489,8.5555,0.493,9.5065,0.522,7.1025,0.445,8.2765,0.419,11.74,0.63,3.2135,0.055,7.9415,0.019,6.828,0.035,6.151,0.05,7.8125,0.049,9.1655,0.063,5.36,0.02,6.3525,0.058,8.124,0.05
14.952,2.089,24.8675,2.309,22.8415,2.24,21.112,1.643,19.6515,1.703,20.990000000000002,2.425,25.596,1.038,28.4545,1.734,23.9485,1.937,21.983999999999998,1.69,30.0845,0.914,30.031499999999998,1.219,8.8025,1.684,11.675,0.77,8.653,0.619,10.1985,0.825,10.718,1.06,14.827000000000002,1.161,11.233,1.183,12.15,1.026,15.474,1.338,7.6925,0.578,8.9735,0.297,6.912,0.261,6.968,0.405,14.0405,0.482,8.804,0.487,9.7495,0.515,7.3145,0.438,8.4875,0.413,12.015999999999998,0.619,3.3135,0.053,8.1195,0.017,6.976,0.031,6.2915,0.044,8.022,0.046,9.3705,0.058,5.5365,0.017,6.53,0.053,8.357000000000001,0.047
15.407499999999999,1.953,25.6455,1.662,23.651,2.169,21.7885,1.569,20.298499999999997,1.638,21.610999999999997,2.289,26.514,1.067,29.4015,1.638,24.8395,1.772,22.8,1.525,31.134500000000003,0.768,31.0875,1.115,9.0085,1.66,12.036999999999999,0.748,8.958,0.598,10.487,0.833,11.006,1.051,15.252500000000001,1.117,11.6485,1.133,12.5125,0.983,15.953999999999999,1.301,7.8115,0.572,9.184,0.294,7.0875,0.256,7.1355,0.401,14.29,0.473,9.052,0.479,9.9915,0.506,7.5265,0.434,8.6995,0.405,12.290999999999999,0.605,3.413,0.049,8.291,0.014,7.1240000000000006,0.03,6.4325,0.044,8.231499999999999,0.042,9.575,0.055,5.7085,0.014,6.7095,0.05,8.59,0.044
15.8465,1.871,26.4605,2.048,24.4325,2.012,22.435,1.415,20.973000000000003,1.47,22.252000000000002,2.199,27.458000000000002,0.831,30.319,1.517,25.7745,1.634,23.5795,1.404,32.1445,0.69,32.094500000000004,0.969,9.213,1.612,12.4035,0.727,9.258999999999999,0.578,10.777,0.778,11.2965,1.005,15.6835,1.09,12.0715,1.106,12.8815,0.955,16.4265,1.249,7.93,0.569,9.395000000000001,0.291,7.263,0.256,7.3025,0.394,14.5375,0.467,9.3005,0.473,10.235,0.501,7.7375,0.426,8.9105,0.399,12.567,0.595,3.5135,0.047,8.4655,0.013,7.2715,0.027,6.573499999999999,0.038,8.44,0.039,9.78,0.052,5.8839999999999995,0.013,6.8875,0.047,8.8195,0.039
16.3015,1.736,27.238000000000003,1.396,25.243,1.937,23.1105,1.349,21.6205,1.411,22.872500000000002,2.073,28.3775,0.873,31.267000000000003,1.423,26.6675,1.484,24.3935,1.247,33.204499999999996,0.553,33.1445,0.884,9.4195,1.588,12.766,0.705,9.564,0.559,11.064,0.787,11.5845,0.997,16.109,1.049,12.486,1.057,13.243500000000001,0.914,16.906000000000002,1.213,8.048499999999999,0.561,9.606,0.289,7.438000000000001,0.251,7.4695,0.39,14.786,0.456,9.5485,0.465,10.4765,0.492,7.9485,0.421,9.122499999999999,0.391,12.8425,0.583,3.6140000000000003,0.044,8.6375,0.011,7.4185,0.024,6.714,0.038,8.649,0.036,9.983500000000001,0.047,6.056,0.011,7.0675,0.044,9.051,0.036
16.741,1.657,28.051000000000002,1.789,26.023,1.775,23.755,1.203,22.294,1.247,23.512,1.976,29.321,0.646,32.183,1.307,27.597,1.349,25.173000000000002,1.144,34.2055,0.481,34.156,0.754,9.624500000000001,1.543,13.132,0.686,9.865,0.542,11.3545,0.734,11.875,0.953,16.54,1.023,12.9085,1.03,13.612499999999999,0.888,17.378999999999998,1.164,8.167,0.558,9.8165,0.286,7.613499999999999,0.251,7.636500000000001,0.385,15.034,0.451,9.797,0.459,10.719500000000002,0.487,8.1605,0.415,9.333,0.385,13.118500000000001,0.573,3.713,0.042,8.808,0.008,7.5649999999999995,0.02,6.854,0.031,8.857000000000001,0.033,10.1885,0.044,6.2255,0.008,7.245,0.041,9.282,0.033
17.197,1.521,28.828500000000002,1.134,26.836000000000002,1.7,24.43,1.139,22.9395,1.195,24.1305,1.849,30.2405,0.69,33.132,1.214,28.492,1.214,25.9775,1.004,35.2725,0.349,35.211999999999996,0.677,9.83,1.521,13.4945,0.666,10.1695,0.525,11.6415,0.745,12.1625,0.946,16.965,0.983,13.3235,0.986,13.9745,0.848,17.8585,1.128,8.286,0.551,10.0265,0.283,7.789,0.247,7.804,0.379,15.2825,0.44,10.0445,0.451,10.962,0.479,8.3715,0.408,9.545499999999999,0.379,13.3935,0.561,3.8129999999999997,0.038,8.9785,0.008,7.711499999999999,0.019,6.995,0.031,9.065499999999998,0.03,10.392,0.041,6.393000000000001,0.006,7.4225,0.036,9.513499999999999,0.03
17.636,1.444,29.6425,1.533,27.6155,1.538,25.075000000000003,1.002,23.613,1.035,24.77,1.756,31.1865,0.47,34.043,1.106,29.414,1.09,26.751,0.917,36.2505,0.283,36.216,0.55,10.035,1.475,13.860999999999999,0.649,10.471,0.509,11.932500000000001,0.693,12.4535,0.903,17.396,0.958,13.745999999999999,0.961,14.343,0.822,18.331,1.082,8.404,0.548,10.2375,0.281,7.9645,0.247,7.9704999999999995,0.374,15.5305,0.435,10.293,0.445,11.2045,0.473,8.583499999999999,0.402,9.756,0.372,13.6695,0.551,3.913,0.038,9.146,0.005,7.858,0.016,7.1354999999999995,0.027,9.273499999999999,0.027,10.5955,0.038,6.558999999999999,0.005,7.601000000000001,0.035,9.7435,0.027
18.0915,1.31,30.4165,0.883,28.428499999999996,1.469,25.7505,0.939,24.258499999999998,0.994,25.3875,1.63,32.0985,0.512,34.989,1.019,30.304000000000002,0.963,27.5535,0.796,37.308,0.151,37.2685,0.485,10.240499999999999,1.455,14.2225,0.628,10.7745,0.492,12.2195,0.704,12.7405,0.897,17.821,0.922,14.161,0.92,14.705,0.784,18.810499999999998,1.048,8.523,0.542,10.448500000000001,0.278,8.1395,0.242,8.1385,0.369,15.779,0.426,10.541,0.438,11.4465,0.465,8.793999999999999,0.397,9.9675,0.364,13.943999999999999,0.539,4.0125,0.033,9.312,0.005,8.003,0.014,7.2764999999999995,0.027,9.4805,0.024,10.7985,0.035,6.7225,0.005,7.7795,0.031,9.9745,0.024
18.53,1.244,31.235000000000003,1.279,29.2065,1.313,26.392999999999997,0.817,24.933500000000002,0.837,26.027,1.543,33.0345,0.305,35.896499999999996,0.92,31.2235,0.853,28.334,0.721,38.2455,0.099,38.2575,0.363,10.4455,1.412,14.5885,0.611,11.0755,0.478,12.5105,0.653,13.0315,0.855,18.252,0.897,14.584,0.897,15.073,0.759,19.283,1.004,8.6415,0.539,10.6595,0.276,8.3145,0.242,8.305,0.364,16.026999999999997,0.421,10.79,0.432,11.6895,0.46,9.006,0.391,10.1785,0.36,14.2205,0.531,4.113,0.033,9.475,0.003,8.1475,0.011,7.415,0.02,9.690000000000001,0.022,11.002,0.031,6.882,0.003,7.9565,0.028,10.2035,0.02
18.985000000000003,1.115,32.009499999999996,0.641,30.019499999999997,1.249,27.067999999999998,0.759,25.5765,0.812,26.6445,1.418,33.938500000000005,0.35,36.8415,0.836,32.1095,0.732,29.147000000000002,0.6,,,39.3145,0.306,10.651,1.393,14.950499999999998,0.592,11.3795,0.462,12.796999999999999,0.664,13.318999999999999,0.848,18.6775,0.862,14.9985,0.858,15.4355,0.724,19.761499999999998,0.969,8.76,0.533,10.869499999999999,0.273,8.49,0.237,8.472,0.36,16.2755,0.41,11.0375,0.426,11.9315,0.452,9.217,0.386,10.390500000000001,0.352,14.4945,0.518,4.212,0.028,9.635499999999999,0.003,8.2925,0.011,7.5545,0.02,9.8955,0.019,11.205,0.028,7.0405,0.003,8.1335,0.025,10.4345,0.019
19.422,1.06,32.8255,1.041,30.795,1.1,27.7075,0.647,26.247999999999998,0.664,27.282999999999998,1.335,34.862,0.152,37.7505,0.746,33.03,0.644,29.923000000000002,0.529,,,40.291,0.195,10.8555,1.351,15.316500000000001,0.576,11.680000000000001,0.448,13.0885,0.616,13.6095,0.806,19.1085,0.839,15.421000000000001,0.836,15.802999999999999,0.699,20.234,0.927,8.879,0.529,11.08,0.27,8.6655,0.237,8.6385,0.355,16.523,0.405,11.286,0.419,12.1745,0.448,9.4285,0.38,10.601,0.347,14.7705,0.511,4.312,0.028,9.793500000000002,0.002,8.433499999999999,0.008,7.6935,0.016,10.1005,0.016,11.408,0.025,7.193499999999999,0.002,8.309999999999999,0.022,10.661,0.016
19.875,0.941,33.5995,0.421,31.6055,1.037,28.381000000000004,0.602,26.891,0.65,27.898500000000002,1.217,35.704,0.198,38.695,0.666,33.916,0.533,30.738500000000002,0.415,,,41.3585,0.143,11.0615,1.334,15.677999999999999,0.559,11.9835,0.432,13.3745,0.628,13.8965,0.801,19.534,0.803,15.836,0.798,16.1655,0.666,20.7125,0.894,8.997,0.523,11.291,0.269,8.8405,0.232,8.8065,0.35,16.7715,0.396,11.5335,0.413,12.415999999999999,0.44,9.6395,0.375,10.8125,0.339,15.045499999999999,0.5,4.41,0.024,9.9495,0.002,8.573500000000001,0.006,7.832,0.016,10.3055,0.014,11.613,0.024,7.345,0.002,8.487,0.019,10.886000000000001,0.013
20.3125,0.902,34.4125,0.829,32.379000000000005,0.903,29.019000000000002,0.503,27.563,0.511,28.538999999999998,1.137,36.532,0.025,39.6055,0.583,34.835499999999996,0.452,31.5105,0.347,,,42.2935,0.047,11.265500000000001,1.293,16.044,0.543,12.283999999999999,0.419,13.665000000000001,0.578,14.187,0.759,19.965,0.781,16.257,0.776,16.532500000000002,0.641,21.183999999999997,0.851,9.116,0.52,11.501,0.265,9.016,0.232,8.9735,0.347,17.019,0.391,11.782499999999999,0.407,12.659,0.435,9.8515,0.371,11.0235,0.335,15.321000000000002,0.492,4.5095,0.024,10.102,0.002,8.7125,0.005,7.9695,0.011,10.509,0.011,11.812999999999999,0.02,7.502000000000001,0.002,8.663499999999999,0.017,11.111500000000001,0.011
20.764,0.79,35.186,0.225,33.1915,0.842,29.6955,0.465,28.2055,0.504,29.154,1.029,37.299,0.086,40.552,0.506,35.726,0.357,32.3285,0.232,,,43.3125,0.019,11.472,1.277,16.406499999999998,0.528,12.5875,0.405,13.952,0.592,14.4745,0.756,20.3905,0.748,16.672,0.741,16.8935,0.609,21.6625,0.82,9.2345,0.514,11.712,0.264,9.1905,0.228,9.1405,0.341,17.269,0.383,12.029499999999999,0.401,12.901,0.427,10.0625,0.366,11.236,0.328,15.596000000000002,0.481,4.6085,0.019,10.255,0.002,8.85,0.005,8.1065,0.011,10.7095,0.009,12.0145,0.017,7.641000000000001,0.002,8.838000000000001,0.014,11.334999999999999,0.009
21.201,0.76,35.998999999999995,0.65,33.963499999999996,0.723,30.333000000000002,0.368,28.88,0.372,29.794,0.949,,,41.4615,0.426,36.6535,0.275,33.092,0.17,,,,,11.676,1.238,16.7715,0.512,12.888,0.393,14.2425,0.545,14.7645,0.715,20.821,0.726,17.093,0.721,17.2615,0.586,22.1335,0.779,9.353,0.511,11.9225,0.261,9.366,0.228,9.307,0.338,17.516000000000002,0.379,12.2785,0.396,13.143500000000001,0.423,10.274,0.36,11.4465,0.324,15.872000000000002,0.473,4.707,0.019,10.554499999999999,0.002,8.9845,0.003,8.2425,0.008,10.91,0.008,12.2165,0.016,,,9.012500000000001,0.013,11.5495,0.006
21.651999999999997,0.657,36.767,0.052,34.7735,0.671,31.024500000000003,0.336,29.522000000000002,0.364,30.409499999999998,0.855,,,42.4065,0.352,37.5355,0.188,33.901500000000006,0.057,,,,,11.882,1.222,17.1325,0.496,13.1915,0.38,14.5285,0.559,15.052,0.712,21.244999999999997,0.693,17.508,0.686,17.622,0.556,22.6125,0.748,9.4715,0.504,12.133000000000001,0.259,9.5415,0.223,9.4745,0.333,17.7645,0.369,12.5255,0.39,13.3855,0.416,10.484499999999999,0.355,11.6575,0.316,16.146,0.462,4.8065,0.016,,,9.116000000000001,0.003,8.3765,0.008,11.106,0.006,12.413499999999999,0.013,,,9.184500000000002,0.009,11.7645,0.005
22.087500000000002,0.642,37.600500000000004,0.495,35.542,0.567,31.669500000000003,0.232,30.209000000000003,0.245,31.0485,0.781,,,43.3045,0.272,38.467499999999994,0.104,36.161500000000004,0.002,,,,,12.086500000000001,1.184,17.497999999999998,0.482,13.4925,0.369,14.818000000000001,0.512,15.342500000000001,0.672,21.6765,0.674,17.929,0.669,17.9895,0.534,23.0835,0.71,9.59,0.501,12.343,0.256,9.7165,0.223,9.641,0.33,18.012,0.364,12.774000000000001,0.383,13.628,0.412,10.6965,0.35,11.868,0.311,16.423,0.456,4.904,0.016,,,9.246,0.002,8.509,0.005,11.298,0.005,12.6115,0.011,,,9.355,0.008,11.976,0.005
22.5395,0.55,39.198,0.349,36.3535,0.528,32.379999999999995,0.201,30.854499999999998,0.225,31.664,0.696,,,44.2235,0.201,39.3155,0.028,,,,,,,12.292,1.169,17.8595,0.467,13.796000000000001,0.357,15.105,0.529,15.629,0.669,22.099500000000003,0.642,18.3425,0.636,18.3505,0.506,23.561,0.679,9.7085,0.495,12.5545,0.254,9.8925,0.22,9.8085,0.325,18.2605,0.357,13.020999999999999,0.377,13.8705,0.405,10.907,0.346,12.08,0.305,16.697,0.445,5.001499999999999,0.011,,,9.374,0.002,8.641,0.006,11.488,0.003,12.806,0.008,,,9.523,0.006,12.180499999999999,0.003
22.975,0.542,,,37.1215,0.434,33.028000000000006,0.088,31.565,0.116,32.303,0.628,,,45.100500000000004,0.141,45.843,0.027,,,,,,,12.4965,1.133,18.225,0.454,14.095,0.346,15.394,0.482,15.9195,0.63,22.5295,0.624,18.7635,0.619,18.718,0.487,24.0315,0.642,9.827,0.492,12.7645,0.251,10.066999999999998,0.22,9.9755,0.322,18.5075,0.352,13.27,0.372,14.113,0.401,11.1195,0.341,12.2905,0.3,16.9735,0.438,5.1005,0.013,,,9.625,0.002,8.7675,0.002,11.675,0.003,12.998500000000002,0.006,,,9.688,0.005,12.3865,0.003
23.4315,0.452,,,37.943,0.399,33.775,0.061,32.2205,0.085,32.922,0.55,,,45.9585,0.064,46.079,0.033,,,,,,,12.702,1.117,18.586000000000002,0.44,14.3985,0.333,15.68,0.5,16.2065,0.63,22.953,0.594,19.176499999999997,0.587,19.079,0.462,24.511,0.614,9.9455,0.487,12.975499999999998,0.25,10.242,0.215,10.1425,0.317,18.7565,0.344,13.517,0.366,14.355,0.394,11.329,0.336,12.501499999999998,0.292,17.247,0.427,5.196,0.008,,,9.8735,0.002,8.8935,0.003,11.857,0.002,13.187999999999999,0.005,,,9.851,0.003,12.5825,0.002
23.869,0.446,,,38.7205,0.305,40.7815,0.102,,,33.5585,0.487,,,46.82,0.024,,,,,,,,,12.9065,1.082,18.951,0.427,14.698,0.322,15.969000000000001,0.454,16.496000000000002,0.591,23.3825,0.576,19.597,0.572,19.4465,0.443,24.980500000000003,0.58,10.064,0.484,13.185999999999998,0.248,10.418,0.215,10.3095,0.314,19.0045,0.341,13.765999999999998,0.361,14.597500000000002,0.39,11.541,0.331,12.7125,0.289,17.523,0.421,5.2935,0.009,,,,,9.019499999999999,0.002,12.0385,0.002,13.376,0.005,,,10.0105,0.003,12.775,0.002
24.325,0.357,,,39.557,0.272,41.0045,0.126,,,34.172,0.408,,,,,,,,,,,,,13.112,1.068,19.312,0.413,15.001499999999998,0.311,16.2555,0.473,16.7825,0.591,23.8065,0.55,20.0105,0.543,19.807499999999997,0.419,25.458,0.55,10.1825,0.478,13.395999999999999,0.245,10.5935,0.212,10.4765,0.309,19.252,0.331,14.0135,0.357,14.839,0.383,11.7515,0.327,12.924,0.281,17.7975,0.412,5.3905,0.006,,,,,9.1405,0.003,12.215499999999999,0.002,13.557,0.003,,,10.167499999999999,0.002,12.969,0.002
24.7625,0.353,,,40.3455,0.178,41.1745,0.123,,,34.8015,0.357,,,,,,,,,,,,,13.315999999999999,1.035,19.6785,0.402,15.3005,0.302,16.544,0.427,17.0725,0.553,24.235500000000002,0.533,20.431,0.529,20.174500000000002,0.402,25.9285,0.518,10.3015,0.476,13.6065,0.243,10.7675,0.21,10.643500000000001,0.306,19.5,0.328,14.2615,0.35,15.081000000000001,0.379,11.9635,0.322,13.134500000000001,0.278,18.0735,0.405,5.484,0.006,,,,,9.3835,0.002,12.391,0.002,13.7415,0.003,,,10.322,0.002,13.162,0.002
25.218,0.264,,,41.21,0.14,41.388000000000005,0.132,,,35.4105,0.278,,,,,,,,,,,,,13.522,1.021,20.038999999999998,0.39,15.6035,0.289,16.83,0.446,17.3585,0.554,24.66,0.507,20.8445,0.503,20.536,0.38,26.407,0.492,10.42,0.47,13.817,0.24,10.9435,0.207,10.8105,0.302,19.748,0.319,14.508999999999999,0.346,15.323,0.372,12.1745,0.319,13.3465,0.272,18.3475,0.396,5.579000000000001,0.003,,,,,13.183,0.002,,,13.913,0.002,,,10.472,0.002,,
25.659,0.269,,,42.0165,0.044,41.659000000000006,0.124,,,36.044999999999995,0.237,,,,,,,,,,,,,13.725999999999999,0.99,20.4025,0.377,15.904,0.281,17.1185,0.402,17.649,0.518,25.0885,0.492,21.2645,0.489,20.903,0.366,26.875500000000002,0.46,10.5385,0.467,14.028,0.239,11.118500000000001,0.207,10.977,0.298,19.996000000000002,0.317,14.7575,0.341,15.565,0.368,12.385000000000002,0.313,13.5565,0.267,18.6235,0.39,5.6725,0.005,,,,,,,,,14.0855,0.002,,,10.623,0.002,,
26.1165,0.182,,,,,41.913999999999994,0.126,,,36.6355,0.151,,,,,,,,,,,,,13.931999999999999,0.977,20.7635,0.364,16.2045,0.269,17.4045,0.423,17.9345,0.52,25.5115,0.467,21.6785,0.463,21.264499999999998,0.346,27.354000000000003,0.437,10.6565,0.462,14.2385,0.237,11.2935,0.203,11.144,0.294,20.244000000000003,0.308,15.0055,0.336,15.8075,0.363,12.596000000000002,0.309,13.768,0.261,18.897,0.38,5.7645,0.002,,,,,,,,,14.257,0.002,,,,,,
26.56,0.195,,,,,42.217999999999996,0.127,,,37.265,0.129,,,,,,,,,,,,,14.136000000000001,0.946,21.1275,0.353,16.504,0.261,17.693,0.379,18.2235,0.484,25.94,0.451,22.0985,0.451,21.630499999999998,0.33,27.824,0.408,10.775,0.459,14.4485,0.234,11.4685,0.203,11.311,0.291,20.491,0.305,15.252999999999998,0.33,16.049,0.358,12.807999999999998,0.305,13.9785,0.258,19.1725,0.374,5.8565000000000005,0.003,,,,,,,,,14.4255,0.002,,,,,,
27.01,0.112,,,,,42.4965,0.127,,,37.8415,0.033,,,,,,,,,,,,,14.3415,0.933,21.489,0.342,16.8055,0.25,17.9785,0.399,18.5095,0.487,26.363,0.429,22.5125,0.427,21.9915,0.311,28.301,0.386,10.894,0.454,14.6595,0.232,11.644,0.199,11.478,0.287,20.7395,0.297,15.5,0.325,16.291,0.352,13.019,0.302,14.1905,0.251,19.447,0.366,5.9485,0.002,,,,,,,,,,,,,,,,
27.453000000000003,0.129,,,,,43.023,0.121,,,42.34,0.017,,,,,,,,,,,,,14.545499999999999,0.903,21.852999999999998,0.331,17.104,0.242,18.267,0.357,18.7985,0.451,26.791999999999998,0.413,22.932000000000002,0.416,22.3595,0.298,28.7725,0.361,11.012,0.451,14.870000000000001,0.231,11.819,0.199,11.645000000000001,0.284,20.9865,0.294,15.748500000000002,0.32,16.5335,0.349,13.2295,0.295,14.401,0.248,19.722,0.36,6.037999999999999,0.003,,,,,,,,,,,,,,,,
27.9015,0.052,,,,,43.1825,0.124,,,,,,,,,,,,,,,,,14.7515,0.891,22.212999999999997,0.32,17.4055,0.231,18.5535,0.379,19.084,0.456,27.215,0.393,23.346,0.394,22.719,0.28,29.249000000000002,0.341,11.131,0.446,15.08,0.228,11.995000000000001,0.196,11.812,0.28,21.2355,0.286,15.995500000000002,0.316,16.775,0.342,13.4405,0.292,14.611500000000001,0.24,19.996000000000002,0.35,6.218,0.002,,,,,,,,,,,,,,,,
28.345,0.068,,,,,43.6175,0.113,,,,,,,,,,,,,,,,,14.955,0.861,22.576999999999998,0.309,17.704,0.223,18.841,0.335,19.373,0.421,27.643,0.379,23.7655,0.383,23.0865,0.267,29.718,0.316,11.2495,0.443,15.2905,0.226,12.17,0.196,11.979,0.278,21.482,0.283,16.244,0.311,17.017,0.339,13.652,0.287,14.822,0.237,20.270999999999997,0.344,6.3945,0.002,,,,,,,,,,,,,,,,
30.379,0.02,,,,,44.055,0.11,,,,,,,,,,,,,,,,,15.161,0.85,22.9365,0.298,18.005,0.212,19.127000000000002,0.358,19.659,0.426,28.066000000000003,0.358,24.179,0.361,23.4465,0.248,30.1955,0.297,11.368,0.438,15.501499999999998,0.225,12.344500000000002,0.192,12.145999999999999,0.273,21.730999999999998,0.275,16.491,0.306,17.259,0.335,13.861999999999998,0.284,15.0335,0.231,20.5465,0.338,8.5475,0.002,,,,,,,,,,,,,,,,
,,,,,,44.592,0.112,,,,,,,,,,,,,,,,,15.365,0.822,23.3005,0.289,18.304000000000002,0.206,19.415,0.314,19.947,0.391,28.4945,0.346,24.5985,0.352,23.814,0.236,30.666500000000003,0.275,11.486,0.435,15.7125,0.223,12.52,0.192,12.3125,0.272,21.9785,0.273,16.7395,0.302,17.501,0.33,14.073500000000001,0.28,15.244000000000002,0.228,20.8215,0.331,,,,,,,,,,,,,,,,,,
,,,,,,,,,,,,,,,,,,,,,,,,15.5705,0.811,23.6595,0.278,18.605,0.195,19.7005,0.338,20.2325,0.397,28.9175,0.327,25.0125,0.331,24.177,0.22,31.141999999999996,0.254,11.604999999999999,0.43,15.922,0.22,12.695,0.188,12.4795,0.267,22.226,0.264,16.9875,0.298,17.743,0.325,14.2845,0.276,15.4555,0.221,21.0945,0.324,,,,,,,,,,,,,,,,,,
,,,,,,,,,,,,,,,,,,,,,,,,15.774000000000001,0.782,24.022,0.269,18.9025,0.188,19.988999999999997,0.295,20.522499999999997,0.364,29.3455,0.314,25.431500000000003,0.322,24.5425,0.206,31.613500000000002,0.234,11.723500000000001,0.427,16.1325,0.218,12.870500000000002,0.188,12.647,0.265,22.4735,0.262,17.235,0.292,17.985,0.322,14.495500000000002,0.272,15.6665,0.22,21.37,0.317,,,,,,,,,,,,,,,,,,
,,,,,,,,,,,,,,,,,,,,,,,,15.98,0.771,24.3815,0.259,19.204,0.178,20.273500000000002,0.319,20.807,0.371,29.7705,0.298,25.8455,0.303,24.904999999999998,0.19,32.091,0.215,11.842,0.423,16.3435,0.217,13.045,0.184,12.8135,0.261,22.722,0.254,17.482499999999998,0.289,18.227,0.317,14.706,0.269,15.876999999999999,0.212,21.644,0.311,,,,,,,,,,,,,,,,,,
,,,,,,,,,,,,,,,,,,,,,,,,16.1835,0.745,24.7445,0.251,19.5015,0.171,20.561999999999998,0.276,21.096,0.338,30.198,0.286,26.2655,0.295,25.272000000000002,0.178,32.5595,0.193,11.959999999999999,0.419,16.553,0.214,13.221,0.185,12.9805,0.259,22.9695,0.253,17.730500000000003,0.284,18.469,0.313,14.917499999999999,0.264,16.088,0.21,21.9195,0.305,,,,,,,,,,,,,,,,,,
,,,,,,,,,,,,,,,,,,,,,,,,16.389,0.735,25.1035,0.242,19.803,0.162,20.847,0.3,21.3815,0.347,30.623,0.272,26.679000000000002,0.276,25.6345,0.163,33.038000000000004,0.176,12.0785,0.415,16.7635,0.212,13.3955,0.181,13.147,0.254,23.218,0.245,17.9785,0.281,18.7115,0.309,15.1285,0.262,16.299500000000002,0.204,22.1935,0.298,,,,,,,,,,,,,,,,,,
,,,,,,,,,,,,,,,,,,,,,,,,16.5925,0.708,25.4655,0.232,20.1005,0.156,21.1345,0.258,21.6695,0.313,31.051000000000002,0.259,27.098999999999997,0.269,26.002000000000002,0.151,33.5085,0.156,12.1975,0.413,16.974500000000003,0.21,13.5705,0.181,13.314000000000002,0.253,23.465,0.243,18.2255,0.275,18.952499999999997,0.305,15.3395,0.256,16.5095,0.201,22.468,0.292,,,,,,,,,,,,,,,,,,
,,,,,,,,,,,,,,,,,,,,,,,,16.7985,0.701,25.825000000000003,0.225,20.401,0.145,21.4195,0.283,21.955,0.324,31.476499999999998,0.247,27.5135,0.251,26.3645,0.137,33.988,0.138,12.316,0.408,17.185,0.209,13.7455,0.178,13.480500000000001,0.248,23.713,0.234,18.4725,0.272,19.194,0.3,15.5505,0.254,16.7205,0.195,22.742,0.286,,,,,,,,,,,,,,,,,,
,,,,,,,,,,,,,,,,,,,,,,,,17.002,0.675,26.188,0.217,20.6985,0.138,21.706999999999997,0.24,22.2445,0.291,31.904,0.234,27.934,0.243,26.7305,0.124,34.4585,0.118,12.434000000000001,0.405,17.395,0.206,13.920499999999999,0.178,13.647499999999999,0.247,23.961000000000002,0.234,18.721,0.267,19.436,0.297,15.7615,0.25,16.931,0.193,23.017,0.28,,,,,,,,,,,,,,,,,,
,,,,,,,,,,,,,,,,,,,,,,,,17.2075,0.669,26.544999999999998,0.207,20.999,0.129,21.991500000000002,0.265,22.5295,0.302,32.328,0.221,28.348,0.226,27.092,0.11,34.938500000000005,0.101,12.5525,0.401,17.605,0.204,14.096,0.174,13.8145,0.242,24.208,0.225,18.968500000000002,0.264,19.6785,0.294,15.972000000000001,0.247,17.143,0.187,23.290499999999998,0.273,,,,,,,,,,,,,,,,,,
,,,,,,,,,,,,,,,,,,,,,,,,17.411,0.646,26.906499999999998,0.199,21.296,0.123,22.279,0.223,22.819000000000003,0.269,32.757,0.21,28.768,0.218,27.460499999999996,0.097,35.4065,0.08,12.671,0.399,17.816,0.203,14.270999999999999,0.174,13.981,0.24,24.456,0.225,19.216,0.259,19.919999999999998,0.289,16.1835,0.242,17.353,0.185,23.5655,0.269,,,,,,,,,,,,,,,,,,
,,,,,,,,,,,,,,,,,,,,,,,,17.616,0.639,27.265,0.192,21.5965,0.113,22.563000000000002,0.248,23.1045,0.281,33.181000000000004,0.198,29.182,0.203,27.822499999999998,0.085,35.8835,0.063,12.7895,0.394,18.026,0.201,14.446000000000002,0.171,14.148,0.237,24.7045,0.217,19.4635,0.256,20.1615,0.286,16.394,0.24,17.5645,0.179,23.839,0.262,,,,,,,,,,,,,,,,,,
,,,,,,,,,,,,,,,,,,,,,,,,17.82,0.617,27.6265,0.184,21.892,0.107,22.8505,0.206,23.3935,0.248,33.6105,0.187,29.6035,0.196,28.189000000000004,0.072,36.3535,0.044,12.907499999999999,0.391,18.237000000000002,0.199,14.6215,0.171,14.315,0.236,24.9505,0.215,19.7115,0.251,20.403499999999998,0.283,16.6055,0.236,17.775000000000002,0.178,24.115,0.258,,,,,,,,,,,,,,,,,,
,,,,,,,,,,,,,,,,,,,,,,,,18.025,0.613,27.9845,0.176,22.191999999999997,0.097,23.135,0.232,23.6795,0.262,34.034000000000006,0.176,30.016000000000002,0.181,28.548000000000002,0.06,36.8255,0.027,13.026,0.386,18.447,0.196,14.796,0.167,14.4815,0.231,25.1985,0.207,19.959,0.248,20.645,0.278,16.8165,0.234,17.9865,0.171,24.388,0.251,,,,,,,,,,,,,,,,,,
,,,,,,,,,,,,,,,,,,,,,,,,18.229000000000003,0.592,28.346,0.168,22.488,0.093,23.422,0.188,23.968500000000002,0.229,34.462,0.165,30.436,0.173,28.910999999999998,0.049,37.2725,0.009,13.145,0.385,18.6575,0.195,14.9705,0.167,14.647999999999998,0.229,25.4455,0.206,20.206500000000002,0.243,20.887,0.275,17.0285,0.229,18.197,0.17,24.662499999999998,0.247,,,,,,,,,,,,,,,,,,
,,,,,,,,,,,,,,,,,,,,,,,,18.434,0.587,28.704,0.162,22.786,0.082,23.7065,0.215,24.2545,0.243,34.8845,0.154,30.85,0.159,29.2655,0.036,48.815999999999995,0.003,13.263,0.38,18.868,0.193,15.1455,0.163,14.8155,0.226,25.694,0.198,20.454,0.24,21.1285,0.272,17.2375,0.226,18.4085,0.163,24.937,0.242,,,,,,,,,,,,,,,,,,
,,,,,,,,,,,,,,,,,,,,,,,,18.6375,0.567,29.065,0.154,23.082,0.077,23.994,0.173,24.543,0.21,35.313,0.145,31.2715,0.152,29.625999999999998,0.025,49.2345,0.061,13.381499999999999,0.379,19.0785,0.192,15.321,0.163,14.982,0.225,25.940499999999997,0.196,20.701999999999998,0.236,21.371,0.269,17.449,0.221,18.6185,0.162,25.211000000000002,0.236,,,,,,,,,,,,,,,,,,
,,,,,,,,,,,,,,,,,,,,,,,,18.8425,0.564,29.4225,0.148,23.38,0.068,24.2775,0.199,24.828000000000003,0.225,35.7345,0.134,31.6835,0.138,29.9775,0.011,49.422,0.047,13.5,0.374,19.2885,0.19,15.496,0.16,15.149000000000001,0.22,26.189000000000004,0.188,20.948999999999998,0.232,21.6125,0.265,17.6595,0.22,18.830000000000002,0.156,25.485,0.231,,,,,,,,,,,,,,,,,,
,,,,,,,,,,,,,,,,,,,,,,,,19.0465,0.545,29.782500000000002,0.14,23.6755,0.063,24.565,0.157,25.116500000000002,0.192,36.1625,0.124,32.102000000000004,0.13,32.004000000000005,0.003,49.61,0.058,13.618500000000001,0.372,19.499,0.188,15.6705,0.16,15.3155,0.218,26.436,0.188,21.1975,0.228,21.8545,0.262,17.8705,0.215,19.0405,0.154,25.759999999999998,0.226,,,,,,,,,,,,,,,,,,
,,,,,,,,,,,,,,,,,,,,,,,,19.251,0.542,30.139999999999997,0.134,23.974,0.053,24.849,0.184,25.402,0.207,36.584,0.113,32.515,0.118,,,49.818,0.052,13.737,0.368,19.7095,0.187,15.846,0.157,15.4825,0.215,26.684,0.181,21.4445,0.225,22.096,0.259,18.081,0.214,19.2525,0.149,26.032999999999998,0.221,,,,,,,,,,,,,,,,,,
,,,,,,,,,,,,,,,,,,,,,,,,19.4545,0.523,30.4995,0.126,24.269000000000002,0.049,25.1365,0.141,25.6925,0.176,37.013,0.104,32.936,0.112,,,50.190999999999995,0.044,13.8555,0.366,19.919999999999998,0.185,16.021,0.157,15.649000000000001,0.214,26.931,0.179,21.692,0.22,22.337999999999997,0.256,18.2925,0.209,19.463,0.148,26.308,0.217,,,,,,,,,,,,,,,,,,
,,,,,,,,,,,,,,,,,,,,,,,,19.659499999999998,0.522,30.858,0.121,24.566499999999998,0.039,25.419999999999998,0.168,25.9765,0.19,37.435,0.094,33.3485,0.099,,,50.544999999999995,0.024,13.974,0.361,20.1295,0.182,16.196,0.154,15.8155,0.209,27.18,0.173,21.939,0.217,22.5795,0.253,18.503,0.207,19.674,0.141,26.5815,0.212,,,,,,,,,,,,,,,,,,
,,,,,,,,,,,,,,,,,,,,,,,,19.863,0.503,31.215500000000002,0.113,24.860500000000002,0.035,25.7075,0.126,26.265,0.159,37.8635,0.085,33.7675,0.091,,,50.9005,0.016,14.0925,0.36,20.34,0.181,16.371,0.154,15.982999999999999,0.209,27.426000000000002,0.171,22.1875,0.214,22.8215,0.25,18.714,0.203,19.8855,0.141,26.8565,0.207,,,,,,,,,,,,,,,,,,
,,,,,,,,,,,,,,,,,,,,,,,,20.067999999999998,0.501,31.571499999999997,0.107,25.1575,0.025,25.991999999999997,0.154,26.551000000000002,0.174,38.2855,0.075,34.18,0.079,,,51.060500000000005,0.027,14.210500000000001,0.355,20.55,0.179,16.546,0.151,16.149,0.204,27.674500000000002,0.163,22.435,0.21,23.063000000000002,0.247,18.9245,0.201,20.096500000000002,0.135,27.129500000000004,0.203,,,,,,,,,,,,,,,,,,
,,,,,,,,,,,,,,,,,,,,,,,,20.2715,0.484,31.931,0.101,25.4525,0.022,26.279500000000002,0.112,26.8405,0.143,38.714999999999996,0.066,34.604,0.074,,,51.263,0.068,14.328999999999999,0.353,20.7605,0.178,16.721,0.151,16.3155,0.203,27.9215,0.163,22.6825,0.206,23.304499999999997,0.243,19.1355,0.196,20.307,0.134,27.4045,0.198,,,,,,,,,,,,,,,,,,
,,,,,,,,,,,,,,,,,,,,,,,,20.476,0.482,32.287,0.094,25.742500000000003,0.011,26.5615,0.138,27.1255,0.159,39.137,0.058,35.0135,0.06,,,,,14.447000000000001,0.349,20.970499999999998,0.176,16.8965,0.148,16.483,0.199,28.1695,0.156,22.929000000000002,0.203,23.5465,0.24,19.346500000000002,0.195,20.5185,0.127,27.678,0.195,,,,,,,,,,,,,,,,,,
,,,,,,,,,,,,,,,,,,,,,,,,20.679499999999997,0.465,32.645500000000006,0.088,26.032,0.008,26.8485,0.096,27.4155,0.127,39.56549999999999,0.049,35.4355,0.055,,,,,14.5655,0.347,21.180999999999997,0.174,17.071,0.148,16.649,0.198,28.417,0.156,23.177500000000002,0.198,23.7885,0.237,19.557499999999997,0.19,20.729000000000003,0.127,27.953500000000002,0.19,,,,,,,,,,,,,,,,,,
,,,,,,,,,,,,,,,,,,,,,,,,20.8845,0.465,33.0025,0.083,34.286,0.002,27.131,0.124,27.700499999999998,0.143,39.986000000000004,0.041,35.8465,0.042,,,,,14.684,0.344,21.391499999999997,0.173,17.2465,0.145,16.8165,0.195,28.665,0.148,23.4255,0.196,24.0295,0.234,19.7685,0.19,20.9405,0.121,28.226,0.185,,,,,,,,,,,,,,,,,,
,,,,,,,,,,,,,,,,,,,,,,,,21.088,0.448,33.359,0.075,41.061,0.002,27.4175,0.082,27.990000000000002,0.112,40.412,0.031,36.261,0.036,,,,,14.802000000000001,0.341,21.602,0.171,17.421,0.145,16.9825,0.193,28.9115,0.146,23.673000000000002,0.192,24.272499999999997,0.232,19.9795,0.185,21.1515,0.121,28.500999999999998,0.181,,,,,,,,,,,,,,,,,,
,,,,,,,,,,,,,,,,,,,,,,,,21.2925,0.448,33.7155,0.071,41.1915,0.061,27.7,0.11,28.2755,0.127,40.829,0.024,36.664,0.024,,,,,14.920499999999999,0.338,21.8125,0.17,17.5965,0.141,17.1495,0.188,29.16,0.14,23.919999999999998,0.188,24.514,0.229,20.19,0.184,21.3625,0.115,28.774,0.178,,,,,,,,,,,,,,,,,,
,,,,,,,,,,,,,,,,,,,,,,,,21.4955,0.43,34.073,0.064,41.435,0.02,27.986,0.068,28.563999999999997,0.096,41.250499999999995,0.016,37.0655,0.019,,,,,15.038999999999998,0.336,22.022,0.168,17.7715,0.141,17.316,0.188,29.406499999999998,0.138,24.168,0.184,24.755,0.226,20.401,0.179,21.573,0.115,29.049,0.173,,,,,,,,,,,,,,,,,,
,,,,,,,,,,,,,,,,,,,,,,,,21.7005,0.43,34.429,0.06,,,28.269499999999997,0.096,28.849999999999998,0.113,41.656,0.009,37.458999999999996,0.008,,,,,15.157499999999999,0.333,22.233,0.167,17.9465,0.138,17.483,0.184,29.6555,0.132,24.416,0.182,24.9965,0.223,20.6125,0.179,21.7845,0.108,29.3225,0.17,,,,,,,,,,,,,,,,,,
,,,,,,,,,,,,,,,,,,,,,,,,21.904,0.415,34.784,0.052,,,28.555,0.053,29.139499999999998,0.082,42.037,0.003,37.8375,0.005,,,,,15.2755,0.33,22.443,0.165,18.1215,0.138,17.649,0.182,29.901999999999997,0.13,24.6635,0.178,25.237499999999997,0.22,20.8235,0.174,21.994999999999997,0.108,29.597,0.165,,,,,,,,,,,,,,,,,,
,,,,,,,,,,,,,,,,,,,,,,,,22.109,0.415,35.141999999999996,0.049,,,28.837,0.082,29.424999999999997,0.099,,,,,,,,,15.394,0.327,22.653,0.163,18.2965,0.135,17.816,0.179,30.1505,0.124,24.91,0.174,25.480000000000004,0.218,21.0335,0.173,22.206500000000002,0.102,29.8705,0.162,,,,,,,,,,,,,,,,,,
,,,,,,,,,,,,,,,,,,,,,,,,22.3115,0.397,35.495,0.041,,,29.1235,0.039,29.7125,0.068,,,,,,,,,15.512500000000001,0.325,22.863,0.162,18.471999999999998,0.135,17.982499999999998,0.178,30.397499999999997,0.123,25.159000000000002,0.171,25.7215,0.215,21.245,0.168,22.417,0.102,30.147,0.159,,,,,,,,,,,,,,,,,,
,,,,,,,,,,,,,,,,,,,,,,,,22.516499999999997,0.399,35.8495,0.036,,,29.406499999999998,0.069,29.997,0.085,,,,,,,,,15.6305,0.322,23.073999999999998,0.16,18.647000000000002,0.132,18.1495,0.174,30.646,0.116,25.4055,0.168,25.9625,0.212,21.456,0.168,22.6285,0.097,30.419000000000004,0.156,,,,,,,,,,,,,,,,,,
,,,,,,,,,,,,,,,,,,,,,,,,22.7195,0.383,36.2025,0.03,,,29.6915,0.027,30.284000000000002,0.053,,,,,,,,,15.749,0.32,23.284,0.159,18.822,0.132,18.315500000000004,0.173,30.8925,0.115,25.653,0.163,26.205,0.21,21.6665,0.163,22.839,0.097,30.694,0.151,,,,,,,,,,,,,,,,,,
,,,,,,,,,,,,,,,,,,,,,,,,22.9235,0.383,36.5605,0.027,,,29.975,0.057,30.567500000000003,0.071,,,,,,,,,15.8675,0.316,23.4945,0.157,18.997,0.129,18.483,0.17,31.141,0.108,25.9015,0.162,26.4465,0.207,21.877,0.162,23.05,0.091,30.9665,0.148,,,,,,,,,,,,,,,,,,
,,,,,,,,,,,,,,,,,,,,,,,,23.1265,0.368,36.909,0.019,,,30.26,0.014,30.855500000000003,0.041,,,,,,,,,15.985999999999999,0.316,23.7045,0.156,19.1715,0.129,18.649,0.168,31.3875,0.107,26.1485,0.157,26.6875,0.204,22.0885,0.157,23.261,0.091,31.241,0.143,,,,,,,,,,,,,,,,,,
,,,,,,,,,,,,,,,,,,,,,,,,23.331,0.368,37.2605,0.016,,,30.541500000000003,0.044,31.137999999999998,0.058,,,,,,,,,16.104000000000003,0.311,23.9145,0.154,19.3475,0.126,18.816,0.165,31.6365,0.101,26.3955,0.154,26.9295,0.203,22.2995,0.157,23.473,0.086,31.515,0.141,,,,,,,,,,,,,,,,,,
,,,,,,,,,,,,,,,,,,,,,,,,23.534499999999998,0.353,37.61,0.009,,,30.823999999999998,0.002,31.423000000000002,0.027,,,,,,,,,16.2225,0.309,24.125,0.152,19.5215,0.126,18.982,0.163,31.884,0.101,26.644,0.151,27.171000000000003,0.199,22.5105,0.152,23.6835,0.086,31.789499999999997,0.137,,,,,,,,,,,,,,,,,,
,,,,,,,,,,,,,,,,,,,,,,,,23.738500000000002,0.353,37.956,0.006,,,31.1035,0.031,31.705000000000002,0.044,,,,,,,,,16.341,0.306,24.335,0.151,19.697,0.123,19.149,0.16,32.131,0.093,26.891,0.148,27.413,0.198,22.7215,0.152,23.894499999999997,0.08,32.0635,0.135,,,,,,,,,,,,,,,,,,
,,,,,,,,,,,,,,,,,,,,,,,,23.9415,0.339,,,,,31.6445,0.022,31.991999999999997,0.014,,,,,,,,,16.459,0.305,24.5455,0.149,19.871999999999996,0.123,19.3155,0.159,32.3785,0.093,27.139000000000003,0.145,27.6545,0.195,22.9325,0.148,24.105,0.08,32.3375,0.13,,,,,,,,,,,,,,,,,,
,,,,,,,,,,,,,,,,,,,,,,,,24.1465,0.341,,,,,,,32.2695,0.031,,,,,,,,,16.5775,0.302,24.7555,0.148,20.0475,0.119,19.482,0.156,32.627,0.086,27.386499999999998,0.141,27.896499999999996,0.193,23.142500000000002,0.146,24.3165,0.075,32.61,0.127,,,,,,,,,,,,,,,,,,
,,,,,,,,,,,,,,,,,,,,,,,,24.3485,0.325,,,,,,,32.5525,0.002,,,,,,,,,16.696,0.3,24.965500000000002,0.146,20.221999999999998,0.119,19.6485,0.154,32.872499999999995,0.085,27.634500000000003,0.138,28.137500000000003,0.19,23.3545,0.143,24.5275,0.075,32.885999999999996,0.124,,,,,,,,,,,,,,,,,,
,,,,,,,,,,,,,,,,,,,,,,,,24.553,0.327,,,,,,,32.8255,0.019,,,,,,,,,16.814,0.297,25.176000000000002,0.145,20.3975,0.116,19.816,0.151,33.121,0.079,27.881500000000003,0.135,28.3795,0.188,23.565,0.141,24.738000000000003,0.069,33.1585,0.121,,,,,,,,,,,,,,,,,,
,,,,,,,,,,,,,,,,,,,,,,,,24.7555,0.313,,,,,,,38.0065,0.013,,,,,,,,,16.932,0.295,25.3855,0.143,20.572,0.116,19.982000000000003,0.149,33.368500000000004,0.079,28.1305,0.132,28.621,0.185,23.777,0.138,24.9495,0.071,33.4325,0.116,,,,,,,,,,,,,,,,,,
,,,,,,,,,,,,,,,,,,,,,,,,24.959500000000002,0.314,,,,,,,,,,,,,,,,,17.051,0.292,25.596,0.141,20.746999999999996,0.113,20.149,0.146,33.6155,0.071,28.377,0.129,28.8625,0.184,23.987,0.137,25.16,0.064,33.706,0.115,,,,,,,,,,,,,,,,,,
,,,,,,,,,,,,,,,,,,,,,,,,25.162,0.298,,,,,,,,,,,,,,,,,17.169,0.291,25.8075,0.141,20.9225,0.113,20.315,0.145,33.862,0.071,28.6255,0.126,29.104,0.181,24.1985,0.132,25.3735,0.066,33.9815,0.112,,,,,,,,,,,,,,,,,,
,,,,,,,,,,,,,,,,,,,,,,,,25.366999999999997,0.302,,,,,,,,,,,,,,,,,17.2875,0.287,26.016000000000002,0.138,21.096,0.108,20.482,0.141,34.11,0.064,28.872500000000002,0.123,29.346,0.179,24.409499999999998,0.132,25.581999999999997,0.06,34.253499999999995,0.108,,,,,,,,,,,,,,,,,,
,,,,,,,,,,,,,,,,,,,,,,,,25.5685,0.286,,,,,,,,,,,,,,,,,17.406000000000002,0.287,26.227500000000003,0.138,21.2715,0.108,20.648500000000002,0.14,34.356,0.063,29.121,0.119,29.5885,0.178,24.620499999999996,0.127,25.793,0.06,34.5285,0.105,,,,,,,,,,,,,,,,,,
,,,,,,,,,,,,,,,,,,,,,,,,25.773,0.289,,,,,,,,,,,,,,,,,17.524,0.284,26.4375,0.137,21.4465,0.105,20.815,0.137,34.604000000000006,0.057,29.367500000000003,0.116,29.829,0.174,24.8315,0.127,26.003500000000003,0.055,34.803,0.104,,,,,,,,,,,,,,,,,,
,,,,,,,,,,,,,,,,,,,,,,,,25.9755,0.275,,,,,,,,,,,,,,,,,17.642,0.283,26.6475,0.135,21.6215,0.105,20.981,0.135,34.85,0.057,29.6165,0.113,30.0705,0.173,25.042499999999997,0.123,26.214000000000002,0.055,35.076499999999996,0.099,,,,,,,,,,,,,,,,,,
,,,,,,,,,,,,,,,,,,,,,,,,26.179,0.276,,,,,,,,,,,,,,,,,17.7605,0.28,26.858,0.134,21.796,0.102,21.148500000000002,0.132,35.098,0.05,29.863000000000003,0.11,30.3125,0.17,25.2535,0.123,26.425,0.05,35.3495,0.097,,,,,,,,,,,,,,,,,,
,,,,,,,,,,,,,,,,,,,,,,,,26.3815,0.262,,,,,,,,,,,,,,,,,17.879,0.278,27.068,0.132,21.971500000000002,0.102,21.3145,0.13,35.344500000000004,0.05,30.112000000000002,0.107,30.554000000000002,0.168,25.465,0.119,26.6355,0.05,35.623999999999995,0.093,,,,,,,,,,,,,,,,,,
,,,,,,,,,,,,,,,,,,,,,,,,26.5855,0.265,,,,,,,,,,,,,,,,,17.997,0.275,27.278000000000002,0.13,22.1465,0.099,21.4815,0.127,35.592,0.044,30.3595,0.105,30.7965,0.167,25.674999999999997,0.118,26.846,0.046,35.8975,0.091,,,,,,,,,,,,,,,,,,
,,,,,,,,,,,,,,,,,,,,,,,,26.7875,0.251,,,,,,,,,,,,,,,,,18.1155,0.273,27.489,0.13,22.320999999999998,0.097,21.6485,0.127,35.8365,0.042,30.607,0.101,31.037000000000003,0.163,25.887,0.115,27.0555,0.046,36.171499999999995,0.086,,,,,,,,,,,,,,,,,,
,,,,,,,,,,,,,,,,,,,,,,,,26.9915,0.253,,,,,,,,,,,,,,,,,18.233999999999998,0.272,27.6985,0.127,22.496,0.094,21.8145,0.123,36.0835,0.036,30.854,0.099,31.279,0.162,26.0975,0.113,27.2665,0.041,36.444500000000005,0.085,,,,,,,,,,,,,,,,,,
,,,,,,,,,,,,,,,,,,,,,,,,27.1945,0.24,,,,,,,,,,,,,,,,,18.352,0.27,27.909,0.127,22.671000000000003,0.094,21.981,0.123,36.329,0.036,31.102500000000003,0.096,31.5205,0.16,26.308500000000002,0.11,27.476,0.041,36.72,0.082,,,,,,,,,,,,,,,,,,
,,,,,,,,,,,,,,,,,,,,,,,,27.397,0.242,,,,,,,,,,,,,,,,,18.47,0.267,28.119000000000003,0.126,22.846,0.091,22.148,0.119,36.5755,0.03,31.349,0.093,31.761999999999997,0.157,26.52,0.11,27.687,0.036,36.993,0.08,,,,,,,,,,,,,,,,,,
,,,,,,,,,,,,,,,,,,,,,,,,27.599999999999998,0.229,,,,,,,,,,,,,,,,,18.5885,0.265,28.328500000000002,0.124,23.021,0.091,22.314,0.118,36.820499999999996,0.028,31.5975,0.09,32.0035,0.156,26.7305,0.105,27.896,0.036,37.267500000000005,0.075,,,,,,,,,,,,,,,,,,
,,,,,,,,,,,,,,,,,,,,,,,,27.803,0.231,,,,,,,,,,,,,,,,,18.706999999999997,0.264,28.539,0.123,23.196,0.088,22.480999999999998,0.115,37.066,0.022,31.845000000000002,0.088,32.245,0.152,26.941499999999998,0.105,28.107,0.031,37.541,0.074,,,,,,,,,,,,,,,,,,
,,,,,,,,,,,,,,,,,,,,,,,,28.0055,0.218,,,,,,,,,,,,,,,,,18.825,0.262,28.749000000000002,0.121,23.371000000000002,0.088,22.6475,0.113,37.311,0.022,32.092999999999996,0.085,32.4865,0.151,27.152,0.101,28.316,0.031,37.8155,0.071,,,,,,,,,,,,,,,,,,
,,,,,,,,,,,,,,,,,,,,,,,,28.209,0.221,,,,,,,,,,,,,,,,,18.943,0.259,28.959,0.119,23.547,0.085,22.8145,0.11,37.557,0.016,32.339,0.082,32.7285,0.149,27.363500000000002,0.101,28.5265,0.027,38.0895,0.069,,,,,,,,,,,,,,,,,,
,,,,,,,,,,,,,,,,,,,,,,,,28.4105,0.207,,,,,,,,,,,,,,,,,19.0615,0.258,29.169999999999998,0.119,23.72,0.083,22.981,0.11,37.800999999999995,0.016,32.587,0.079,32.97,0.148,27.574,0.096,28.737499999999997,0.028,38.3625,0.064,,,,,,,,,,,,,,,,,,
,,,,,,,,,,,,,,,,,,,,,,,,28.613999999999997,0.21,,,,,,,,,,,,,,,,,19.18,0.256,29.38,0.118,23.895,0.08,23.148,0.107,38.045,0.009,32.8345,0.077,33.2115,0.145,27.785,0.096,28.9455,0.022,38.638,0.063,,,,,,,,,,,,,,,,,,
,,,,,,,,,,,,,,,,,,,,,,,,28.816,0.198,,,,,,,,,,,,,,,,,19.298000000000002,0.254,29.5895,0.116,24.07,0.08,23.314,0.105,38.286,0.008,33.0825,0.074,33.453500000000005,0.143,27.997,0.093,29.156,0.024,38.9125,0.058,,,,,,,,,,,,,,,,,,
,,,,,,,,,,,,,,,,,,,,,,,,29.019499999999997,0.201,,,,,,,,,,,,,,,,,19.4165,0.251,29.8,0.115,24.245,0.077,23.480999999999998,0.102,38.528000000000006,0.003,33.328,0.071,33.695,0.141,28.206999999999997,0.091,29.366000000000003,0.017,39.187,0.057,,,,,,,,,,,,,,,,,,
,,,,,,,,,,,,,,,,,,,,,,,,29.221,0.188,,,,,,,,,,,,,,,,,19.5345,0.251,30.01,0.113,24.42,0.077,23.647000000000002,0.101,38.774499999999996,0.003,33.576,0.068,33.9365,0.14,28.418,0.088,29.576999999999998,0.019,39.4625,0.053,,,,,,,,,,,,,,,,,,
,,,,,,,,,,,,,,,,,,,,,,,,29.4245,0.192,,,,,,,,,,,,,,,,,19.6525,0.248,30.22,0.112,24.595000000000002,0.074,23.8135,0.097,,,33.824,0.066,34.178,0.137,28.63,0.088,29.787999999999997,0.014,39.7365,0.052,,,,,,,,,,,,,,,,,,
,,,,,,,,,,,,,,,,,,,,,,,,29.626500000000004,0.179,,,,,,,,,,,,,,,,,19.7715,0.247,30.43,0.112,24.769999999999996,0.074,23.9805,0.097,,,34.071000000000005,0.063,34.4195,0.135,28.840000000000003,0.083,29.9955,0.014,40.012,0.049,,,,,,,,,,,,,,,,,,
,,,,,,,,,,,,,,,,,,,,,,,,29.83,0.182,,,,,,,,,,,,,,,,,19.889499999999998,0.245,30.640499999999996,0.11,24.945,0.071,24.1475,0.094,,,34.3175,0.06,34.6615,0.134,29.051000000000002,0.083,30.203500000000002,0.009,40.2845,0.047,,,,,,,,,,,,,,,,,,
,,,,,,,,,,,,,,,,,,,,,,,,30.0315,0.17,,,,,,,,,,,,,,,,,20.008000000000003,0.243,30.850499999999997,0.108,25.119,0.069,24.313000000000002,0.093,,,34.5645,0.057,34.9035,0.132,29.2635,0.08,30.4115,0.009,40.5585,0.042,,,,,,,,,,,,,,,,,,
,,,,,,,,,,,,,,,,,,,,,,,,30.2345,0.173,,,,,,,,,,,,,,,,,20.126,0.24,31.060499999999998,0.107,25.2945,0.066,24.48,0.09,,,34.8115,0.055,35.1445,0.129,29.473000000000003,0.079,30.616999999999997,0.005,40.832499999999996,0.042,,,,,,,,,,,,,,,,,,
,,,,,,,,,,,,,,,,,,,,,,,,30.436999999999998,0.162,,,,,,,,,,,,,,,,,20.244,0.24,31.270000000000003,0.105,25.469,0.066,24.647,0.09,,,35.059,0.052,35.386,0.127,29.6835,0.075,30.82,0.005,41.1065,0.038,,,,,,,,,,,,,,,,,,
,,,,,,,,,,,,,,,,,,,,,,,,30.639499999999998,0.165,,,,,,,,,,,,,,,,,20.3625,0.237,31.48,0.104,25.644000000000002,0.063,24.813499999999998,0.086,,,35.304500000000004,0.049,35.628,0.126,29.8955,0.075,31.0215,0.002,41.3795,0.038,,,,,,,,,,,,,,,,,,
,,,,,,,,,,,,,,,,,,,,,,,,30.841,0.152,,,,,,,,,,,,,,,,,20.480999999999998,0.237,31.691,0.104,25.818500000000004,0.063,24.979000000000003,0.085,,,35.5535,0.047,35.8695,0.124,30.104999999999997,0.071,35.665499999999994,0.002,41.6525,0.033,,,,,,,,,,,,,,,,,,
,,,,,,,,,,,,,,,,,,,,,,,,31.0445,0.157,,,,,,,,,,,,,,,,,20.599,0.234,31.9015,0.102,25.993499999999997,0.06,25.145999999999997,0.082,,,35.798,0.044,36.111,0.121,30.316000000000003,0.071,,,41.9255,0.033,,,,,,,,,,,,,,,,,,
,,,,,,,,,,,,,,,,,,,,,,,,31.2455,0.145,,,,,,,,,,,,,,,,,20.717,0.232,32.1105,0.101,26.168,0.06,25.3125,0.082,,,36.0445,0.041,36.3525,0.119,30.526,0.066,,,42.19800000000001,0.028,,,,,,,,,,,,,,,,,,
,,,,,,,,,,,,,,,,,,,,,,,,31.448000000000004,0.148,,,,,,,,,,,,,,,,,20.836000000000002,0.231,32.3205,0.099,26.3435,0.057,25.479,0.079,,,36.291,0.039,36.593999999999994,0.118,30.737,0.066,,,42.4705,0.028,,,,,,,,,,,,,,,,,,
,,,,,,,,,,,,,,,,,,,,,,,,31.65,0.137,,,,,,,,,,,,,,,,,20.9535,0.229,32.530499999999996,0.097,26.518,0.057,25.645,0.077,,,36.538,0.036,36.836,0.116,30.947499999999998,0.063,,,42.743,0.024,,,,,,,,,,,,,,,,,,
,,,,,,,,,,,,,,,,,,,,,,,,31.852,0.14,,,,,,,,,,,,,,,,,21.0725,0.228,32.7405,0.096,26.6935,0.053,25.811500000000002,0.074,,,36.783,0.033,37.0775,0.113,31.1595,0.063,,,43.0165,0.024,,,,,,,,,,,,,,,,,,
,,,,,,,,,,,,,,,,,,,,,,,,32.0535,0.129,,,,,,,,,,,,,,,,,21.19,0.226,32.951,0.096,26.8675,0.053,25.978,0.074,,,37.0315,0.031,37.32,0.113,31.3685,0.058,,,43.290000000000006,0.019,,,,,,,,,,,,,,,,,,
,,,,,,,,,,,,,,,,,,,,,,,,32.256,0.132,,,,,,,,,,,,,,,,,21.308,0.223,33.160999999999994,0.094,27.043,0.05,26.1445,0.071,,,37.2755,0.028,37.5605,0.11,31.579,0.058,,,43.563,0.019,,,,,,,,,,,,,,,,,,
,,,,,,,,,,,,,,,,,,,,,,,,32.457,0.121,,,,,,,,,,,,,,,,,21.427,0.223,33.3705,0.093,27.2175,0.05,26.31,0.069,,,37.521499999999996,0.025,37.802,0.108,31.7885,0.053,,,43.8395,0.016,,,,,,,,,,,,,,,,,,
,,,,,,,,,,,,,,,,,,,,,,,,32.659,0.124,,,,,,,,,,,,,,,,,21.545,0.22,33.58,0.091,27.393,0.047,26.477,0.066,,,37.7675,0.024,38.044,0.107,31.999,0.053,,,44.1095,0.014,,,,,,,,,,,,,,,,,,
,,,,,,,,,,,,,,,,,,,,,,,,32.86,0.113,,,,,,,,,,,,,,,,,21.663,0.22,33.79,0.09,27.567500000000003,0.047,26.6435,0.066,,,38.013000000000005,0.02,38.2855,0.105,32.21,0.05,,,44.382,0.011,,,,,,,,,,,,,,,,,,
,,,,,,,,,,,,,,,,,,,,,,,,33.0625,0.118,,,,,,,,,,,,,,,,,21.781,0.217,34.0,0.088,27.743,0.044,26.81,0.063,,,38.261500000000005,0.019,38.5265,0.102,32.4195,0.049,,,44.651500000000006,0.009,,,,,,,,,,,,,,,,,,
,,,,,,,,,,,,,,,,,,,,,,,,33.2635,0.107,,,,,,,,,,,,,,,,,21.8995,0.217,34.2105,0.088,27.9175,0.044,26.977,0.063,,,38.5035,0.016,38.7695,0.102,32.63,0.046,,,44.921,0.006,,,,,,,,,,,,,,,,,,
,,,,,,,,,,,,,,,,,,,,,,,,33.465,0.11,,,,,,,,,,,,,,,,,22.018,0.214,34.4205,0.086,28.093000000000004,0.041,27.142999999999997,0.06,,,38.746500000000005,0.013,39.01,0.099,32.840500000000006,0.046,,,45.185,0.006,,,,,,,,,,,,,,,,,,
,,,,,,,,,,,,,,,,,,,,,,,,33.666,0.099,,,,,,,,,,,,,,,,,22.136,0.214,34.63,0.085,28.267,0.041,27.308,0.058,,,38.988499999999995,0.009,39.251,0.097,33.0495,0.041,,,45.449,0.003,,,,,,,,,,,,,,,,,,
,,,,,,,,,,,,,,,,,,,,,,,,33.8675,0.104,,,,,,,,,,,,,,,,,22.254,0.21,34.84,0.083,28.442,0.038,27.474999999999998,0.055,,,39.2305,0.008,39.492999999999995,0.096,33.26,0.041,,,45.706500000000005,0.003,,,,,,,,,,,,,,,,,,
,,,,,,,,,,,,,,,,,,,,,,,,34.0685,0.093,,,,,,,,,,,,,,,,,22.372999999999998,0.21,35.050000000000004,0.083,28.616999999999997,0.038,27.6415,0.055,,,39.4695,0.005,39.7345,0.094,33.471,0.038,,,45.961,0.002,,,,,,,,,,,,,,,,,,
,,,,,,,,,,,,,,,,,,,,,,,,34.2705,0.097,,,,,,,,,,,,,,,,,22.4905,0.207,35.26,0.082,28.792,0.035,27.807499999999997,0.052,,,39.705,0.003,39.975500000000004,0.091,33.6795,0.036,,,46.227,0.002,,,,,,,,,,,,,,,,,,
,,,,,,,,,,,,,,,,,,,,,,,,34.471,0.086,,,,,,,,,,,,,,,,,22.609,0.207,35.4695,0.08,28.967000000000002,0.035,27.973,0.05,,,39.9405,0.002,40.218,0.091,33.891,0.033,,,,,,,,,,,,,,,,,,,,,,
,,,,,,,,,,,,,,,,,,,,,,,,34.673,0.091,,,,,,,,,,,,,,,,,22.7275,0.206,35.6795,0.079,29.142500000000002,0.031,28.1405,0.049,,,,,40.4585,0.088,34.1005,0.031,,,,,,,,,,,,,,,,,,,,,,
,,,,,,,,,,,,,,,,,,,,,,,,34.873,0.08,,,,,,,,,,,,,,,,,22.8455,0.204,35.889,0.077,29.317,0.031,28.3055,0.047,,,,,40.6995,0.086,34.3105,0.028,,,,,,,,,,,,,,,,,,,,,,
,,,,,,,,,,,,,,,,,,,,,,,,35.0745,0.085,,,,,,,,,,,,,,,,,22.964,0.203,36.1015,0.077,29.4925,0.028,28.472,0.044,,,,,40.941500000000005,0.085,34.5195,0.027,,,,,,,,,,,,,,,,,,,,,,
,,,,,,,,,,,,,,,,,,,,,,,,35.275,0.074,,,,,,,,,,,,,,,,,23.082,0.201,36.3095,0.075,29.6675,0.028,28.638,0.044,,,,,41.1825,0.083,34.73,0.024,,,,,,,,,,,,,,,,,,,,,,
,,,,,,,,,,,,,,,,,,,,,,,,35.476,0.079,,,,,,,,,,,,,,,,,23.2,0.199,36.519,0.074,29.843500000000002,0.025,28.8045,0.041,,,,,41.4245,0.082,34.9385,0.022,,,,,,,,,,,,,,,,,,,,,,
,,,,,,,,,,,,,,,,,,,,,,,,35.675999999999995,0.069,,,,,,,,,,,,,,,,,23.3185,0.198,36.729,0.072,30.015500000000003,0.024,28.970499999999998,0.041,,,,,41.664500000000004,0.08,35.148500000000006,0.019,,,,,,,,,,,,,,,,,,,,,,
,,,,,,,,,,,,,,,,,,,,,,,,35.876999999999995,0.074,,,,,,,,,,,,,,,,,23.4365,0.196,36.939,0.071,30.191,0.02,29.1365,0.038,,,,,41.904999999999994,0.077,35.3565,0.017,,,,,,,,,,,,,,,,,,,,,,
,,,,,,,,,,,,,,,,,,,,,,,,36.077,0.063,,,,,,,,,,,,,,,,,23.555,0.196,37.1485,0.071,30.366,0.02,29.3015,0.036,,,,,42.146,0.075,35.5665,0.014,,,,,,,,,,,,,,,,,,,,,,
,,,,,,,,,,,,,,,,,,,,,,,,36.278,0.068,,,,,,,,,,,,,,,,,23.673,0.193,37.359,0.069,30.5415,0.017,29.468999999999998,0.035,,,,,42.3875,0.074,35.773999999999994,0.014,,,,,,,,,,,,,,,,,,,,,,
,,,,,,,,,,,,,,,,,,,,,,,,36.479,0.058,,,,,,,,,,,,,,,,,23.791,0.193,37.5685,0.068,30.7155,0.017,29.634,0.033,,,,,42.6275,0.072,35.98,0.009,,,,,,,,,,,,,,,,,,,,,,
,,,,,,,,,,,,,,,,,,,,,,,,36.6785,0.061,,,,,,,,,,,,,,,,,23.9095,0.19,37.7785,0.066,30.8905,0.014,29.8,0.03,,,,,42.869,0.071,36.186,0.009,,,,,,,,,,,,,,,,,,,,,,
,,,,,,,,,,,,,,,,,,,,,,,,36.879,0.052,,,,,,,,,,,,,,,,,24.0275,0.19,37.989000000000004,0.066,31.065,0.014,29.966,0.03,,,,,43.1095,0.069,36.391,0.006,,,,,,,,,,,,,,,,,,,,,,
,,,,,,,,,,,,,,,,,,,,,,,,37.0795,0.057,,,,,,,,,,,,,,,,,24.1455,0.188,38.199,0.064,31.2395,0.011,30.1325,0.027,,,,,43.351,0.068,36.589999999999996,0.005,,,,,,,,,,,,,,,,,,,,,,
,,,,,,,,,,,,,,,,,,,,,,,,37.2795,0.046,,,,,,,,,,,,,,,,,24.2635,0.187,38.4085,0.063,31.412499999999998,0.011,30.298499999999997,0.027,,,,,43.592,0.066,36.792,0.003,,,,,,,,,,,,,,,,,,,,,,
,,,,,,,,,,,,,,,,,,,,,,,,37.4795,0.05,,,,,,,,,,,,,,,,,24.382,0.185,38.6185,0.061,31.5865,0.008,30.4645,0.024,,,,,43.832,0.063,36.981,0.003,,,,,,,,,,,,,,,,,,,,,,
,,,,,,,,,,,,,,,,,,,,,,,,37.6795,0.041,,,,,,,,,,,,,,,,,24.5,0.185,38.8295,0.061,31.7585,0.008,30.631,0.024,,,,,44.0725,0.061,41.5345,0.002,,,,,,,,,,,,,,,,,,,,,,
,,,,,,,,,,,,,,,,,,,,,,,,37.879,0.046,,,,,,,,,,,,,,,,,24.618000000000002,0.182,39.0385,0.06,31.93,0.005,30.797,0.02,,,,,44.313,0.06,,,,,,,,,,,,,,,,,,,,,,,,
,,,,,,,,,,,,,,,,,,,,,,,,38.078,0.035,,,,,,,,,,,,,,,,,24.7365,0.182,39.2485,0.058,32.0975,0.005,30.962999999999997,0.02,,,,,44.5535,0.058,,,,,,,,,,,,,,,,,,,,,,,,
,,,,,,,,,,,,,,,,,,,,,,,,38.277499999999996,0.039,,,,,,,,,,,,,,,,,24.855,0.181,39.458,0.057,32.268,0.002,31.1295,0.017,,,,,44.7945,0.057,,,,,,,,,,,,,,,,,,,,,,,,
,,,,,,,,,,,,,,,,,,,,,,,,38.478,0.03,,,,,,,,,,,,,,,,,24.9725,0.179,39.668,0.055,32.4565,0.002,31.294999999999998,0.017,,,,,45.0345,0.055,,,,,,,,,,,,,,,,,,,,,,,,
,,,,,,,,,,,,,,,,,,,,,,,,38.6775,0.035,,,,,,,,,,,,,,,,,25.091,0.178,39.8795,0.055,,,31.461,0.014,,,,,45.276,0.053,,,,,,,,,,,,,,,,,,,,,,,,
,,,,,,,,,,,,,,,,,,,,,,,,38.8765,0.024,,,,,,,,,,,,,,,,,25.209,0.178,40.0885,0.053,,,31.627,0.014,,,,,45.5165,0.052,,,,,,,,,,,,,,,,,,,,,,,,
,,,,,,,,,,,,,,,,,,,,,,,,39.076,0.028,,,,,,,,,,,,,,,,,25.3275,0.174,40.2985,0.052,,,31.7925,0.011,,,,,45.754999999999995,0.049,,,,,,,,,,,,,,,,,,,,,,,,
,,,,,,,,,,,,,,,,,,,,,,,,39.276,0.019,,,,,,,,,,,,,,,,,25.4455,0.174,40.508,0.05,,,31.958,0.011,,,,,45.9955,0.047,,,,,,,,,,,,,,,,,,,,,,,,
,,,,,,,,,,,,,,,,,,,,,,,,39.4745,0.024,,,,,,,,,,,,,,,,,25.5635,0.173,40.718,0.049,,,32.123,0.008,,,,,46.236,0.046,,,,,,,,,,,,,,,,,,,,,,,,
,,,,,,,,,,,,,,,,,,,,,,,,39.673500000000004,0.013,,,,,,,,,,,,,,,,,25.6815,0.171,40.9285,0.049,,,32.2875,0.008,,,,,46.4765,0.044,,,,,,,,,,,,,,,,,,,,,,,,
,,,,,,,,,,,,,,,,,,,,,,,,39.873,0.017,,,,,,,,,,,,,,,,,25.799999999999997,0.17,41.138,0.047,,,32.451,0.005,,,,,46.7175,0.042,,,,,,,,,,,,,,,,,,,,,,,,
,,,,,,,,,,,,,,,,,,,,,,,,40.074,0.008,,,,,,,,,,,,,,,,,25.918,0.17,41.348000000000006,0.046,,,32.614000000000004,0.005,,,,,46.958,0.041,,,,,,,,,,,,,,,,,,,,,,,,
,,,,,,,,,,,,,,,,,,,,,,,,40.2735,0.013,,,,,,,,,,,,,,,,,26.037000000000003,0.168,41.557,0.044,,,32.776,0.002,,,,,47.19950000000001,0.039,,,,,,,,,,,,,,,,,,,,,,,,
,,,,,,,,,,,,,,,,,,,,,,,,40.4705,0.003,,,,,,,,,,,,,,,,,26.154500000000002,0.167,41.7675,0.042,,,32.9395,0.003,,,,,47.44050000000001,0.038,,,,,,,,,,,,,,,,,,,,,,,,
,,,,,,,,,,,,,,,,,,,,,,,,40.661500000000004,0.008,,,,,,,,,,,,,,,,,26.2725,0.165,41.979499999999994,0.042,,,,,,,,,47.680499999999995,0.035,,,,,,,,,,,,,,,,,,,,,,,,
,,,,,,,,,,,,,,,,,,,,,,,,46.815999999999995,0.003,,,,,,,,,,,,,,,,,26.3905,0.165,42.187999999999995,0.041,,,,,,,,,47.921,0.033,,,,,,,,,,,,,,,,,,,,,,,,
,,,,,,,,,,,,,,,,,,,,,,,,,,,,,,,,,,,,,,,,,,26.509,0.162,42.3975,0.039,,,,,,,,,48.161500000000004,0.031,,,,,,,,,,,,,,,,,,,,,,,,
,,,,,,,,,,,,,,,,,,,,,,,,,,,,,,,,,,,,,,,,,,26.627,0.162,42.607,0.038,,,,,,,,,48.4025,0.03,,,,,,,,,,,,,,,,,,,,,,,,
,,,,,,,,,,,,,,,,,,,,,,,,,,,,,,,,,,,,,,,,,,26.745,0.16,42.817,0.036,,,,,,,,,48.643,0.028,,,,,,,,,,,,,,,,,,,,,,,,
,,,,,,,,,,,,,,,,,,,,,,,,,,,,,,,,,,,,,,,,,,26.8635,0.16,43.027,0.035,,,,,,,,,48.8835,0.027,,,,,,,,,,,,,,,,,,,,,,,,
,,,,,,,,,,,,,,,,,,,,,,,,,,,,,,,,,,,,,,,,,,26.9815,0.157,43.239,0.035,,,,,,,,,49.123999999999995,0.025,,,,,,,,,,,,,,,,,,,,,,,,
,,,,,,,,,,,,,,,,,,,,,,,,,,,,,,,,,,,,,,,,,,27.0995,0.157,43.4475,0.033,,,,,,,,,49.3645,0.024,,,,,,,,,,,,,,,,,,,,,,,,
,,,,,,,,,,,,,,,,,,,,,,,,,,,,,,,,,,,,,,,,,,27.218,0.156,43.6565,0.031,,,,,,,,,49.605,0.022,,,,,,,,,,,,,,,,,,,,,,,,
,,,,,,,,,,,,,,,,,,,,,,,,,,,,,,,,,,,,,,,,,,27.3365,0.156,43.8665,0.03,,,,,,,,,49.845000000000006,0.02,,,,,,,,,,,,,,,,,,,,,,,,
,,,,,,,,,,,,,,,,,,,,,,,,,,,,,,,,,,,,,,,,,,27.454000000000004,0.152,44.076,0.028,,,,,,,,,50.086,0.019,,,,,,,,,,,,,,,,,,,,,,,,
,,,,,,,,,,,,,,,,,,,,,,,,,,,,,,,,,,,,,,,,,,27.5725,0.152,44.286,0.027,,,,,,,,,50.325500000000005,0.017,,,,,,,,,,,,,,,,,,,,,,,,
,,,,,,,,,,,,,,,,,,,,,,,,,,,,,,,,,,,,,,,,,,27.6905,0.151,44.4955,0.025,,,,,,,,,50.566,0.016,,,,,,,,,,,,,,,,,,,,,,,,
,,,,,,,,,,,,,,,,,,,,,,,,,,,,,,,,,,,,,,,,,,27.809,0.151,44.707,0.025,,,,,,,,,50.8045,0.014,,,,,,,,,,,,,,,,,,,,,,,,
,,,,,,,,,,,,,,,,,,,,,,,,,,,,,,,,,,,,,,,,,,27.9265,0.148,44.916000000000004,0.024,,,,,,,,,51.0445,0.013,,,,,,,,,,,,,,,,,,,,,,,,
,,,,,,,,,,,,,,,,,,,,,,,,,,,,,,,,,,,,,,,,,,28.045,0.148,45.1255,0.022,,,,,,,,,51.2815,0.011,,,,,,,,,,,,,,,,,,,,,,,,
,,,,,,,,,,,,,,,,,,,,,,,,,,,,,,,,,,,,,,,,,,28.163,0.146,45.335,0.02,,,,,,,,,51.519,0.009,,,,,,,,,,,,,,,,,,,,,,,,
,,,,,,,,,,,,,,,,,,,,,,,,,,,,,,,,,,,,,,,,,,28.2815,0.146,45.545,0.019,,,,,,,,,51.753499999999995,0.008,,,,,,,,,,,,,,,,,,,,,,,,
,,,,,,,,,,,,,,,,,,,,,,,,,,,,,,,,,,,,,,,,,,28.3995,0.145,45.7545,0.017,,,,,,,,,51.989,0.006,,,,,,,,,,,,,,,,,,,,,,,,
,,,,,,,,,,,,,,,,,,,,,,,,,,,,,,,,,,,,,,,,,,28.518,0.145,45.964,0.016,,,,,,,,,52.221,0.006,,,,,,,,,,,,,,,,,,,,,,,,
,,,,,,,,,,,,,,,,,,,,,,,,,,,,,,,,,,,,,,,,,,28.6355,0.141,46.1755,0.016,,,,,,,,,52.453,0.005,,,,,,,,,,,,,,,,,,,,,,,,
,,,,,,,,,,,,,,,,,,,,,,,,,,,,,,,,,,,,,,,,,,28.753500000000003,0.141,46.384,0.014,,,,,,,,,52.6785,0.003,,,,,,,,,,,,,,,,,,,,,,,,
,,,,,,,,,,,,,,,,,,,,,,,,,,,,,,,,,,,,,,,,,,28.8725,0.14,46.592,0.013,,,,,,,,,52.904999999999994,0.002,,,,,,,,,,,,,,,,,,,,,,,,
,,,,,,,,,,,,,,,,,,,,,,,,,,,,,,,,,,,,,,,,,,28.990000000000002,0.14,46.8005,0.011,,,,,,,,,53.129,0.002,,,,,,,,,,,,,,,,,,,,,,,,
,,,,,,,,,,,,,,,,,,,,,,,,,,,,,,,,,,,,,,,,,,29.1085,0.138,47.0085,0.009,,,,,,,,,53.349,0.002,,,,,,,,,,,,,,,,,,,,,,,,
,,,,,,,,,,,,,,,,,,,,,,,,,,,,,,,,,,,,,,,,,,29.227,0.138,47.2155,0.008,,,,,,,,,53.57,0.002,,,,,,,,,,,,,,,,,,,,,,,,
,,,,,,,,,,,,,,,,,,,,,,,,,,,,,,,,,,,,,,,,,,29.3445,0.135,47.4255,0.008,,,,,,,,,,,,,,,,,,,,,,,,,,,,,,,,,,
,,,,,,,,,,,,,,,,,,,,,,,,,,,,,,,,,,,,,,,,,,29.4625,0.135,47.631,0.006,,,,,,,,,,,,,,,,,,,,,,,,,,,,,,,,,,
,,,,,,,,,,,,,,,,,,,,,,,,,,,,,,,,,,,,,,,,,,29.5805,0.134,47.836,0.005,,,,,,,,,,,,,,,,,,,,,,,,,,,,,,,,,,
,,,,,,,,,,,,,,,,,,,,,,,,,,,,,,,,,,,,,,,,,,29.6985,0.134,48.0395,0.003,,,,,,,,,,,,,,,,,,,,,,,,,,,,,,,,,,
,,,,,,,,,,,,,,,,,,,,,,,,,,,,,,,,,,,,,,,,,,29.817,0.132,48.242000000000004,0.003,,,,,,,,,,,,,,,,,,,,,,,,,,,,,,,,,,
,,,,,,,,,,,,,,,,,,,,,,,,,,,,,,,,,,,,,,,,,,29.936,0.132,48.4425,0.002,,,,,,,,,,,,,,,,,,,,,,,,,,,,,,,,,,
,,,,,,,,,,,,,,,,,,,,,,,,,,,,,,,,,,,,,,,,,,30.052999999999997,0.129,48.645,0.002,,,,,,,,,,,,,,,,,,,,,,,,,,,,,,,,,,
,,,,,,,,,,,,,,,,,,,,,,,,,,,,,,,,,,,,,,,,,,30.170999999999996,0.129,,,,,,,,,,,,,,,,,,,,,,,,,,,,,,,,,,,,
,,,,,,,,,,,,,,,,,,,,,,,,,,,,,,,,,,,,,,,,,,30.290000000000003,0.127,,,,,,,,,,,,,,,,,,,,,,,,,,,,,,,,,,,,
,,,,,,,,,,,,,,,,,,,,,,,,,,,,,,,,,,,,,,,,,,30.408,0.127,,,,,,,,,,,,,,,,,,,,,,,,,,,,,,,,,,,,
,,,,,,,,,,,,,,,,,,,,,,,,,,,,,,,,,,,,,,,,,,30.526,0.126,,,,,,,,,,,,,,,,,,,,,,,,,,,,,,,,,,,,
,,,,,,,,,,,,,,,,,,,,,,,,,,,,,,,,,,,,,,,,,,30.644,0.126,,,,,,,,,,,,,,,,,,,,,,,,,,,,,,,,,,,,
,,,,,,,,,,,,,,,,,,,,,,,,,,,,,,,,,,,,,,,,,,30.761499999999998,0.123,,,,,,,,,,,,,,,,,,,,,,,,,,,,,,,,,,,,
,,,,,,,,,,,,,,,,,,,,,,,,,,,,,,,,,,,,,,,,,,30.881,0.124,,,,,,,,,,,,,,,,,,,,,,,,,,,,,,,,,,,,
,,,,,,,,,,,,,,,,,,,,,,,,,,,,,,,,,,,,,,,,,,30.998,0.121,,,,,,,,,,,,,,,,,,,,,,,,,,,,,,,,,,,,
,,,,,,,,,,,,,,,,,,,,,,,,,,,,,,,,,,,,,,,,,,31.116,0.121,,,,,,,,,,,,,,,,,,,,,,,,,,,,,,,,,,,,
,,,,,,,,,,,,,,,,,,,,,,,,,,,,,,,,,,,,,,,,,,31.233999999999998,0.119,,,,,,,,,,,,,,,,,,,,,,,,,,,,,,,,,,,,
,,,,,,,,,,,,,,,,,,,,,,,,,,,,,,,,,,,,,,,,,,31.3525,0.119,,,,,,,,,,,,,,,,,,,,,,,,,,,,,,,,,,,,
,,,,,,,,,,,,,,,,,,,,,,,,,,,,,,,,,,,,,,,,,,31.471,0.118,,,,,,,,,,,,,,,,,,,,,,,,,,,,,,,,,,,,
,,,,,,,,,,,,,,,,,,,,,,,,,,,,,,,,,,,,,,,,,,31.589,0.118,,,,,,,,,,,,,,,,,,,,,,,,,,,,,,,,,,,,
,,,,,,,,,,,,,,,,,,,,,,,,,,,,,,,,,,,,,,,,,,31.706999999999997,0.115,,,,,,,,,,,,,,,,,,,,,,,,,,,,,,,,,,,,
,,,,,,,,,,,,,,,,,,,,,,,,,,,,,,,,,,,,,,,,,,31.825000000000003,0.115,,,,,,,,,,,,,,,,,,,,,,,,,,,,,,,,,,,,
,,,,,,,,,,,,,,,,,,,,,,,,,,,,,,,,,,,,,,,,,,31.942999999999998,0.113,,,,,,,,,,,,,,,,,,,,,,,,,,,,,,,,,,,,
,,,,,,,,,,,,,,,,,,,,,,,,,,,,,,,,,,,,,,,,,,32.061,0.113,,,,,,,,,,,,,,,,,,,,,,,,,,,,,,,,,,,,
,,,,,,,,,,,,,,,,,,,,,,,,,,,,,,,,,,,,,,,,,,32.179500000000004,0.112,,,,,,,,,,,,,,,,,,,,,,,,,,,,,,,,,,,,
,,,,,,,,,,,,,,,,,,,,,,,,,,,,,,,,,,,,,,,,,,32.297,0.112,,,,,,,,,,,,,,,,,,,,,,,,,,,,,,,,,,,,
,,,,,,,,,,,,,,,,,,,,,,,,,,,,,,,,,,,,,,,,,,32.4155,0.11,,,,,,,,,,,,,,,,,,,,,,,,,,,,,,,,,,,,
,,,,,,,,,,,,,,,,,,,,,,,,,,,,,,,,,,,,,,,,,,32.5335,0.11,,,,,,,,,,,,,,,,,,,,,,,,,,,,,,,,,,,,
,,,,,,,,,,,,,,,,,,,,,,,,,,,,,,,,,,,,,,,,,,32.652,0.108,,,,,,,,,,,,,,,,,,,,,,,,,,,,,,,,,,,,
,,,,,,,,,,,,,,,,,,,,,,,,,,,,,,,,,,,,,,,,,,32.7695,0.108,,,,,,,,,,,,,,,,,,,,,,,,,,,,,,,,,,,,
,,,,,,,,,,,,,,,,,,,,,,,,,,,,,,,,,,,,,,,,,,32.887499999999996,0.105,,,,,,,,,,,,,,,,,,,,,,,,,,,,,,,,,,,,
,,,,,,,,,,,,,,,,,,,,,,,,,,,,,,,,,,,,,,,,,,33.0055,0.105,,,,,,,,,,,,,,,,,,,,,,,,,,,,,,,,,,,,
,,,,,,,,,,,,,,,,,,,,,,,,,,,,,,,,,,,,,,,,,,33.1235,0.104,,,,,,,,,,,,,,,,,,,,,,,,,,,,,,,,,,,,
,,,,,,,,,,,,,,,,,,,,,,,,,,,,,,,,,,,,,,,,,,33.2415,0.104,,,,,,,,,,,,,,,,,,,,,,,,,,,,,,,,,,,,
,,,,,,,,,,,,,,,,,,,,,,,,,,,,,,,,,,,,,,,,,,33.3595,0.102,,,,,,,,,,,,,,,,,,,,,,,,,,,,,,,,,,,,
,,,,,,,,,,,,,,,,,,,,,,,,,,,,,,,,,,,,,,,,,,33.4775,0.102,,,,,,,,,,,,,,,,,,,,,,,,,,,,,,,,,,,,
,,,,,,,,,,,,,,,,,,,,,,,,,,,,,,,,,,,,,,,,,,33.596,0.101,,,,,,,,,,,,,,,,,,,,,,,,,,,,,,,,,,,,
,,,,,,,,,,,,,,,,,,,,,,,,,,,,,,,,,,,,,,,,,,33.714,0.101,,,,,,,,,,,,,,,,,,,,,,,,,,,,,,,,,,,,
,,,,,,,,,,,,,,,,,,,,,,,,,,,,,,,,,,,,,,,,,,33.8325,0.099,,,,,,,,,,,,,,,,,,,,,,,,,,,,,,,,,,,,
,,,,,,,,,,,,,,,,,,,,,,,,,,,,,,,,,,,,,,,,,,33.95,0.099,,,,,,,,,,,,,,,,,,,,,,,,,,,,,,,,,,,,
,,,,,,,,,,,,,,,,,,,,,,,,,,,,,,,,,,,,,,,,,,34.068,0.096,,,,,,,,,,,,,,,,,,,,,,,,,,,,,,,,,,,,
,,,,,,,,,,,,,,,,,,,,,,,,,,,,,,,,,,,,,,,,,,34.1855,0.096,,,,,,,,,,,,,,,,,,,,,,,,,,,,,,,,,,,,
,,,,,,,,,,,,,,,,,,,,,,,,,,,,,,,,,,,,,,,,,,34.304,0.094,,,,,,,,,,,,,,,,,,,,,,,,,,,,,,,,,,,,
,,,,,,,,,,,,,,,,,,,,,,,,,,,,,,,,,,,,,,,,,,34.422,0.094,,,,,,,,,,,,,,,,,,,,,,,,,,,,,,,,,,,,
,,,,,,,,,,,,,,,,,,,,,,,,,,,,,,,,,,,,,,,,,,34.54,0.093,,,,,,,,,,,,,,,,,,,,,,,,,,,,,,,,,,,,
,,,,,,,,,,,,,,,,,,,,,,,,,,,,,,,,,,,,,,,,,,34.6585,0.093,,,,,,,,,,,,,,,,,,,,,,,,,,,,,,,,,,,,
,,,,,,,,,,,,,,,,,,,,,,,,,,,,,,,,,,,,,,,,,,34.776,0.091,,,,,,,,,,,,,,,,,,,,,,,,,,,,,,,,,,,,
,,,,,,,,,,,,,,,,,,,,,,,,,,,,,,,,,,,,,,,,,,34.8945,0.091,,,,,,,,,,,,,,,,,,,,,,,,,,,,,,,,,,,,
,,,,,,,,,,,,,,,,,,,,,,,,,,,,,,,,,,,,,,,,,,35.0125,0.09,,,,,,,,,,,,,,,,,,,,,,,,,,,,,,,,,,,,
,,,,,,,,,,,,,,,,,,,,,,,,,,,,,,,,,,,,,,,,,,35.1305,0.09,,,,,,,,,,,,,,,,,,,,,,,,,,,,,,,,,,,,
,,,,,,,,,,,,,,,,,,,,,,,,,,,,,,,,,,,,,,,,,,35.249,0.088,,,,,,,,,,,,,,,,,,,,,,,,,,,,,,,,,,,,
,,,,,,,,,,,,,,,,,,,,,,,,,,,,,,,,,,,,,,,,,,35.367,0.088,,,,,,,,,,,,,,,,,,,,,,,,,,,,,,,,,,,,
,,,,,,,,,,,,,,,,,,,,,,,,,,,,,,,,,,,,,,,,,,35.484500000000004,0.085,,,,,,,,,,,,,,,,,,,,,,,,,,,,,,,,,,,,
,,,,,,,,,,,,,,,,,,,,,,,,,,,,,,,,,,,,,,,,,,35.602999999999994,0.086,,,,,,,,,,,,,,,,,,,,,,,,,,,,,,,,,,,,
,,,,,,,,,,,,,,,,,,,,,,,,,,,,,,,,,,,,,,,,,,35.72,0.083,,,,,,,,,,,,,,,,,,,,,,,,,,,,,,,,,,,,
,,,,,,,,,,,,,,,,,,,,,,,,,,,,,,,,,,,,,,,,,,35.838,0.083,,,,,,,,,,,,,,,,,,,,,,,,,,,,,,,,,,,,
,,,,,,,,,,,,,,,,,,,,,,,,,,,,,,,,,,,,,,,,,,35.956,0.082,,,,,,,,,,,,,,,,,,,,,,,,,,,,,,,,,,,,
,,,,,,,,,,,,,,,,,,,,,,,,,,,,,,,,,,,,,,,,,,36.074,0.082,,,,,,,,,,,,,,,,,,,,,,,,,,,,,,,,,,,,
,,,,,,,,,,,,,,,,,,,,,,,,,,,,,,,,,,,,,,,,,,36.192,0.08,,,,,,,,,,,,,,,,,,,,,,,,,,,,,,,,,,,,
,,,,,,,,,,,,,,,,,,,,,,,,,,,,,,,,,,,,,,,,,,36.3095,0.08,,,,,,,,,,,,,,,,,,,,,,,,,,,,,,,,,,,,
,,,,,,,,,,,,,,,,,,,,,,,,,,,,,,,,,,,,,,,,,,36.428,0.079,,,,,,,,,,,,,,,,,,,,,,,,,,,,,,,,,,,,
,,,,,,,,,,,,,,,,,,,,,,,,,,,,,,,,,,,,,,,,,,36.546,0.079,,,,,,,,,,,,,,,,,,,,,,,,,,,,,,,,,,,,
,,,,,,,,,,,,,,,,,,,,,,,,,,,,,,,,,,,,,,,,,,36.6645,0.077,,,,,,,,,,,,,,,,,,,,,,,,,,,,,,,,,,,,
,,,,,,,,,,,,,,,,,,,,,,,,,,,,,,,,,,,,,,,,,,36.782000000000004,0.077,,,,,,,,,,,,,,,,,,,,,,,,,,,,,,,,,,,,
,,,,,,,,,,,,,,,,,,,,,,,,,,,,,,,,,,,,,,,,,,36.9,0.075,,,,,,,,,,,,,,,,,,,,,,,,,,,,,,,,,,,,
,,,,,,,,,,,,,,,,,,,,,,,,,,,,,,,,,,,,,,,,,,37.018,0.075,,,,,,,,,,,,,,,,,,,,,,,,,,,,,,,,,,,,
,,,,,,,,,,,,,,,,,,,,,,,,,,,,,,,,,,,,,,,,,,37.1355,0.072,,,,,,,,,,,,,,,,,,,,,,,,,,,,,,,,,,,,
,,,,,,,,,,,,,,,,,,,,,,,,,,,,,,,,,,,,,,,,,,37.254000000000005,0.074,,,,,,,,,,,,,,,,,,,,,,,,,,,,,,,,,,,,
,,,,,,,,,,,,,,,,,,,,,,,,,,,,,,,,,,,,,,,,,,37.3715,0.071,,,,,,,,,,,,,,,,,,,,,,,,,,,,,,,,,,,,
,,,,,,,,,,,,,,,,,,,,,,,,,,,,,,,,,,,,,,,,,,37.491,0.072,,,,,,,,,,,,,,,,,,,,,,,,,,,,,,,,,,,,
,,,,,,,,,,,,,,,,,,,,,,,,,,,,,,,,,,,,,,,,,,37.6075,0.069,,,,,,,,,,,,,,,,,,,,,,,,,,,,,,,,,,,,
,,,,,,,,,,,,,,,,,,,,,,,,,,,,,,,,,,,,,,,,,,37.726,0.069,,,,,,,,,,,,,,,,,,,,,,,,,,,,,,,,,,,,
,,,,,,,,,,,,,,,,,,,,,,,,,,,,,,,,,,,,,,,,,,37.844,0.068,,,,,,,,,,,,,,,,,,,,,,,,,,,,,,,,,,,,
,,,,,,,,,,,,,,,,,,,,,,,,,,,,,,,,,,,,,,,,,,37.9615,0.068,,,,,,,,,,,,,,,,,,,,,,,,,,,,,,,,,,,,
,,,,,,,,,,,,,,,,,,,,,,,,,,,,,,,,,,,,,,,,,,38.080000000000005,0.066,,,,,,,,,,,,,,,,,,,,,,,,,,,,,,,,,,,,
,,,,,,,,,,,,,,,,,,,,,,,,,,,,,,,,,,,,,,,,,,38.198,0.066,,,,,,,,,,,,,,,,,,,,,,,,,,,,,,,,,,,,
,,,,,,,,,,,,,,,,,,,,,,,,,,,,,,,,,,,,,,,,,,38.316500000000005,0.064,,,,,,,,,,,,,,,,,,,,,,,,,,,,,,,,,,,,
,,,,,,,,,,,,,,,,,,,,,,,,,,,,,,,,,,,,,,,,,,38.434,0.064,,,,,,,,,,,,,,,,,,,,,,,,,,,,,,,,,,,,
,,,,,,,,,,,,,,,,,,,,,,,,,,,,,,,,,,,,,,,,,,38.552,0.063,,,,,,,,,,,,,,,,,,,,,,,,,,,,,,,,,,,,
,,,,,,,,,,,,,,,,,,,,,,,,,,,,,,,,,,,,,,,,,,38.669999999999995,0.063,,,,,,,,,,,,,,,,,,,,,,,,,,,,,,,,,,,,
,,,,,,,,,,,,,,,,,,,,,,,,,,,,,,,,,,,,,,,,,,38.7885,0.061,,,,,,,,,,,,,,,,,,,,,,,,,,,,,,,,,,,,
,,,,,,,,,,,,,,,,,,,,,,,,,,,,,,,,,,,,,,,,,,38.9065,0.061,,,,,,,,,,,,,,,,,,,,,,,,,,,,,,,,,,,,
,,,,,,,,,,,,,,,,,,,,,,,,,,,,,,,,,,,,,,,,,,39.024499999999996,0.06,,,,,,,,,,,,,,,,,,,,,,,,,,,,,,,,,,,,
,,,,,,,,,,,,,,,,,,,,,,,,,,,,,,,,,,,,,,,,,,39.1425,0.06,,,,,,,,,,,,,,,,,,,,,,,,,,,,,,,,,,,,
,,,,,,,,,,,,,,,,,,,,,,,,,,,,,,,,,,,,,,,,,,39.260999999999996,0.058,,,,,,,,,,,,,,,,,,,,,,,,,,,,,,,,,,,,
,,,,,,,,,,,,,,,,,,,,,,,,,,,,,,,,,,,,,,,,,,39.3785,0.058,,,,,,,,,,,,,,,,,,,,,,,,,,,,,,,,,,,,
,,,,,,,,,,,,,,,,,,,,,,,,,,,,,,,,,,,,,,,,,,39.4965,0.057,,,,,,,,,,,,,,,,,,,,,,,,,,,,,,,,,,,,
,,,,,,,,,,,,,,,,,,,,,,,,,,,,,,,,,,,,,,,,,,39.615,0.057,,,,,,,,,,,,,,,,,,,,,,,,,,,,,,,,,,,,
,,,,,,,,,,,,,,,,,,,,,,,,,,,,,,,,,,,,,,,,,,39.7335,0.055,,,,,,,,,,,,,,,,,,,,,,,,,,,,,,,,,,,,
,,,,,,,,,,,,,,,,,,,,,,,,,,,,,,,,,,,,,,,,,,39.851,0.055,,,,,,,,,,,,,,,,,,,,,,,,,,,,,,,,,,,,
,,,,,,,,,,,,,,,,,,,,,,,,,,,,,,,,,,,,,,,,,,39.97,0.053,,,,,,,,,,,,,,,,,,,,,,,,,,,,,,,,,,,,
,,,,,,,,,,,,,,,,,,,,,,,,,,,,,,,,,,,,,,,,,,40.087,0.053,,,,,,,,,,,,,,,,,,,,,,,,,,,,,,,,,,,,
,,,,,,,,,,,,,,,,,,,,,,,,,,,,,,,,,,,,,,,,,,40.2045,0.05,,,,,,,,,,,,,,,,,,,,,,,,,,,,,,,,,,,,
,,,,,,,,,,,,,,,,,,,,,,,,,,,,,,,,,,,,,,,,,,40.3235,0.052,,,,,,,,,,,,,,,,,,,,,,,,,,,,,,,,,,,,
,,,,,,,,,,,,,,,,,,,,,,,,,,,,,,,,,,,,,,,,,,40.441,0.049,,,,,,,,,,,,,,,,,,,,,,,,,,,,,,,,,,,,
,,,,,,,,,,,,,,,,,,,,,,,,,,,,,,,,,,,,,,,,,,40.56,0.05,,,,,,,,,,,,,,,,,,,,,,,,,,,,,,,,,,,,
,,,,,,,,,,,,,,,,,,,,,,,,,,,,,,,,,,,,,,,,,,40.677,0.047,,,,,,,,,,,,,,,,,,,,,,,,,,,,,,,,,,,,
,,,,,,,,,,,,,,,,,,,,,,,,,,,,,,,,,,,,,,,,,,40.796,0.049,,,,,,,,,,,,,,,,,,,,,,,,,,,,,,,,,,,,
,,,,,,,,,,,,,,,,,,,,,,,,,,,,,,,,,,,,,,,,,,40.913,0.046,,,,,,,,,,,,,,,,,,,,,,,,,,,,,,,,,,,,
,,,,,,,,,,,,,,,,,,,,,,,,,,,,,,,,,,,,,,,,,,41.0305,0.046,,,,,,,,,,,,,,,,,,,,,,,,,,,,,,,,,,,,
,,,,,,,,,,,,,,,,,,,,,,,,,,,,,,,,,,,,,,,,,,41.149,0.044,,,,,,,,,,,,,,,,,,,,,,,,,,,,,,,,,,,,
,,,,,,,,,,,,,,,,,,,,,,,,,,,,,,,,,,,,,,,,,,41.2665,0.044,,,,,,,,,,,,,,,,,,,,,,,,,,,,,,,,,,,,
,,,,,,,,,,,,,,,,,,,,,,,,,,,,,,,,,,,,,,,,,,41.3845,0.042,,,,,,,,,,,,,,,,,,,,,,,,,,,,,,,,,,,,
,,,,,,,,,,,,,,,,,,,,,,,,,,,,,,,,,,,,,,,,,,41.5025,0.042,,,,,,,,,,,,,,,,,,,,,,,,,,,,,,,,,,,,
,,,,,,,,,,,,,,,,,,,,,,,,,,,,,,,,,,,,,,,,,,41.6205,0.041,,,,,,,,,,,,,,,,,,,,,,,,,,,,,,,,,,,,
,,,,,,,,,,,,,,,,,,,,,,,,,,,,,,,,,,,,,,,,,,41.739,0.041,,,,,,,,,,,,,,,,,,,,,,,,,,,,,,,,,,,,
,,,,,,,,,,,,,,,,,,,,,,,,,,,,,,,,,,,,,,,,,,41.857,0.039,,,,,,,,,,,,,,,,,,,,,,,,,,,,,,,,,,,,
,,,,,,,,,,,,,,,,,,,,,,,,,,,,,,,,,,,,,,,,,,41.9745,0.039,,,,,,,,,,,,,,,,,,,,,,,,,,,,,,,,,,,,
,,,,,,,,,,,,,,,,,,,,,,,,,,,,,,,,,,,,,,,,,,42.093,0.038,,,,,,,,,,,,,,,,,,,,,,,,,,,,,,,,,,,,
,,,,,,,,,,,,,,,,,,,,,,,,,,,,,,,,,,,,,,,,,,42.210499999999996,0.038,,,,,,,,,,,,,,,,,,,,,,,,,,,,,,,,,,,,
,,,,,,,,,,,,,,,,,,,,,,,,,,,,,,,,,,,,,,,,,,42.3285,0.036,,,,,,,,,,,,,,,,,,,,,,,,,,,,,,,,,,,,
,,,,,,,,,,,,,,,,,,,,,,,,,,,,,,,,,,,,,,,,,,42.4465,0.036,,,,,,,,,,,,,,,,,,,,,,,,,,,,,,,,,,,,
,,,,,,,,,,,,,,,,,,,,,,,,,,,,,,,,,,,,,,,,,,42.565000000000005,0.035,,,,,,,,,,,,,,,,,,,,,,,,,,,,,,,,,,,,
,,,,,,,,,,,,,,,,,,,,,,,,,,,,,,,,,,,,,,,,,,42.6825,0.035,,,,,,,,,,,,,,,,,,,,,,,,,,,,,,,,,,,,
,,,,,,,,,,,,,,,,,,,,,,,,,,,,,,,,,,,,,,,,,,42.801,0.033,,,,,,,,,,,,,,,,,,,,,,,,,,,,,,,,,,,,
,,,,,,,,,,,,,,,,,,,,,,,,,,,,,,,,,,,,,,,,,,42.919000000000004,0.033,,,,,,,,,,,,,,,,,,,,,,,,,,,,,,,,,,,,
,,,,,,,,,,,,,,,,,,,,,,,,,,,,,,,,,,,,,,,,,,43.037,0.031,,,,,,,,,,,,,,,,,,,,,,,,,,,,,,,,,,,,
,,,,,,,,,,,,,,,,,,,,,,,,,,,,,,,,,,,,,,,,,,43.155,0.031,,,,,,,,,,,,,,,,,,,,,,,,,,,,,,,,,,,,
,,,,,,,,,,,,,,,,,,,,,,,,,,,,,,,,,,,,,,,,,,43.2735,0.03,,,,,,,,,,,,,,,,,,,,,,,,,,,,,,,,,,,,
,,,,,,,,,,,,,,,,,,,,,,,,,,,,,,,,,,,,,,,,,,43.390499999999996,0.03,,,,,,,,,,,,,,,,,,,,,,,,,,,,,,,,,,,,
,,,,,,,,,,,,,,,,,,,,,,,,,,,,,,,,,,,,,,,,,,43.5085,0.027,,,,,,,,,,,,,,,,,,,,,,,,,,,,,,,,,,,,
,,,,,,,,,,,,,,,,,,,,,,,,,,,,,,,,,,,,,,,,,,43.6275,0.028,,,,,,,,,,,,,,,,,,,,,,,,,,,,,,,,,,,,
,,,,,,,,,,,,,,,,,,,,,,,,,,,,,,,,,,,,,,,,,,43.7445,0.025,,,,,,,,,,,,,,,,,,,,,,,,,,,,,,,,,,,,
,,,,,,,,,,,,,,,,,,,,,,,,,,,,,,,,,,,,,,,,,,43.8635,0.027,,,,,,,,,,,,,,,,,,,,,,,,,,,,,,,,,,,,
,,,,,,,,,,,,,,,,,,,,,,,,,,,,,,,,,,,,,,,,,,43.9805,0.024,,,,,,,,,,,,,,,,,,,,,,,,,,,,,,,,,,,,
,,,,,,,,,,,,,,,,,,,,,,,,,,,,,,,,,,,,,,,,,,44.0995,0.025,,,,,,,,,,,,,,,,,,,,,,,,,,,,,,,,,,,,
,,,,,,,,,,,,,,,,,,,,,,,,,,,,,,,,,,,,,,,,,,44.216,0.022,,,,,,,,,,,,,,,,,,,,,,,,,,,,,,,,,,,,
,,,,,,,,,,,,,,,,,,,,,,,,,,,,,,,,,,,,,,,,,,44.335,0.024,,,,,,,,,,,,,,,,,,,,,,,,,,,,,,,,,,,,
,,,,,,,,,,,,,,,,,,,,,,,,,,,,,,,,,,,,,,,,,,44.452,0.02,,,,,,,,,,,,,,,,,,,,,,,,,,,,,,,,,,,,
,,,,,,,,,,,,,,,,,,,,,,,,,,,,,,,,,,,,,,,,,,44.5725,0.022,,,,,,,,,,,,,,,,,,,,,,,,,,,,,,,,,,,,
,,,,,,,,,,,,,,,,,,,,,,,,,,,,,,,,,,,,,,,,,,44.6875,0.019,,,,,,,,,,,,,,,,,,,,,,,,,,,,,,,,,,,,
,,,,,,,,,,,,,,,,,,,,,,,,,,,,,,,,,,,,,,,,,,44.8055,0.019,,,,,,,,,,,,,,,,,,,,,,,,,,,,,,,,,,,,
,,,,,,,,,,,,,,,,,,,,,,,,,,,,,,,,,,,,,,,,,,44.9235,0.017,,,,,,,,,,,,,,,,,,,,,,,,,,,,,,,,,,,,
,,,,,,,,,,,,,,,,,,,,,,,,,,,,,,,,,,,,,,,,,,45.0415,0.017,,,,,,,,,,,,,,,,,,,,,,,,,,,,,,,,,,,,
,,,,,,,,,,,,,,,,,,,,,,,,,,,,,,,,,,,,,,,,,,45.1595,0.016,,,,,,,,,,,,,,,,,,,,,,,,,,,,,,,,,,,,
,,,,,,,,,,,,,,,,,,,,,,,,,,,,,,,,,,,,,,,,,,45.2775,0.016,,,,,,,,,,,,,,,,,,,,,,,,,,,,,,,,,,,,
,,,,,,,,,,,,,,,,,,,,,,,,,,,,,,,,,,,,,,,,,,45.3955,0.014,,,,,,,,,,,,,,,,,,,,,,,,,,,,,,,,,,,,
,,,,,,,,,,,,,,,,,,,,,,,,,,,,,,,,,,,,,,,,,,45.513,0.014,,,,,,,,,,,,,,,,,,,,,,,,,,,,,,,,,,,,
,,,,,,,,,,,,,,,,,,,,,,,,,,,,,,,,,,,,,,,,,,45.631,0.013,,,,,,,,,,,,,,,,,,,,,,,,,,,,,,,,,,,,
,,,,,,,,,,,,,,,,,,,,,,,,,,,,,,,,,,,,,,,,,,45.7495,0.013,,,,,,,,,,,,,,,,,,,,,,,,,,,,,,,,,,,,
,,,,,,,,,,,,,,,,,,,,,,,,,,,,,,,,,,,,,,,,,,45.866499999999995,0.011,,,,,,,,,,,,,,,,,,,,,,,,,,,,,,,,,,,,
,,,,,,,,,,,,,,,,,,,,,,,,,,,,,,,,,,,,,,,,,,45.9845,0.011,,,,,,,,,,,,,,,,,,,,,,,,,,,,,,,,,,,,
,,,,,,,,,,,,,,,,,,,,,,,,,,,,,,,,,,,,,,,,,,46.102,0.009,,,,,,,,,,,,,,,,,,,,,,,,,,,,,,,,,,,,
,,,,,,,,,,,,,,,,,,,,,,,,,,,,,,,,,,,,,,,,,,46.2205,0.009,,,,,,,,,,,,,,,,,,,,,,,,,,,,,,,,,,,,
,,,,,,,,,,,,,,,,,,,,,,,,,,,,,,,,,,,,,,,,,,46.3375,0.008,,,,,,,,,,,,,,,,,,,,,,,,,,,,,,,,,,,,
,,,,,,,,,,,,,,,,,,,,,,,,,,,,,,,,,,,,,,,,,,46.4545,0.008,,,,,,,,,,,,,,,,,,,,,,,,,,,,,,,,,,,,
,,,,,,,,,,,,,,,,,,,,,,,,,,,,,,,,,,,,,,,,,,46.57150000000001,0.006,,,,,,,,,,,,,,,,,,,,,,,,,,,,,,,,,,,,
,,,,,,,,,,,,,,,,,,,,,,,,,,,,,,,,,,,,,,,,,,46.6895,0.006,,,,,,,,,,,,,,,,,,,,,,,,,,,,,,,,,,,,
,,,,,,,,,,,,,,,,,,,,,,,,,,,,,,,,,,,,,,,,,,46.806,0.005,,,,,,,,,,,,,,,,,,,,,,,,,,,,,,,,,,,,
,,,,,,,,,,,,,,,,,,,,,,,,,,,,,,,,,,,,,,,,,,46.9225,0.005,,,,,,,,,,,,,,,,,,,,,,,,,,,,,,,,,,,,
,,,,,,,,,,,,,,,,,,,,,,,,,,,,,,,,,,,,,,,,,,47.0385,0.003,,,,,,,,,,,,,,,,,,,,,,,,,,,,,,,,,,,,
,,,,,,,,,,,,,,,,,,,,,,,,,,,,,,,,,,,,,,,,,,47.1575,0.005,,,,,,,,,,,,,,,,,,,,,,,,,,,,,,,,,,,,
,,,,,,,,,,,,,,,,,,,,,,,,,,,,,,,,,,,,,,,,,,47.2715,0.003,,,,,,,,,,,,,,,,,,,,,,,,,,,,,,,,,,,,
,,,,,,,,,,,,,,,,,,,,,,,,,,,,,,,,,,,,,,,,,,47.3865,0.003,,,,,,,,,,,,,,,,,,,,,,,,,,,,,,,,,,,,
,,,,,,,,,,,,,,,,,,,,,,,,,,,,,,,,,,,,,,,,,,47.5025,0.002,,,,,,,,,,,,,,,,,,,,,,,,,,,,,,,,,,,,
,,,,,,,,,,,,,,,,,,,,,,,,,,,,,,,,,,,,,,,,,,47.617,0.002,,,,,,,,,,,,,,,,,,,,,,,,,,,,,,,,,,,,
,,,,,,,,,,,,,,,,,,,,,,,,,,,,,,,,,,,,,,,,,,47.8495,0.002,,,,,,,,,,,,,,,,,,,,,,,,,,,,,,,,,,,,