X,CH1,Start,Increment,
Sequence,Volt,-1.400000e-06,1.000000e-09,
0,-1.000000e+00,
1,-1.000000e+00,
2,-9.600000e-01,
3,-1.000000e+00,
4,-9.600000e-01,
5,-1.000000e+00,
6,-9.600000e-01,
7,-1.000000e+00,
8,-9.600000e-01,
9,-1.000000e+00,
10,-1.000000e+00,
11,-1.000000e+00,
12,-1.000000e+00,
13,-1.000000e+00,
14,-9.600000e-01,
15,-1.000000e+00,
16,-9.600000e-01,
17,-1.000000e+00,
18,-1.000000e+00,
19,-9.600000e-01,
20,-1.000000e+00,
21,-1.000000e+00,
22,-9.600000e-01,
23,-9.600000e-01,
24,-9.600000e-01,
25,-1.000000e+00,
26,-9.600000e-01,
27,-1.000000e+00,
28,-9.600000e-01,
29,-1.000000e+00,
30,-1.000000e+00,
31,-1.000000e+00,
32,-1.000000e+00,
33,-1.000000e+00,
34,-1.000000e+00,
35,-1.000000e+00,
36,-1.000000e+00,
37,-1.000000e+00,
38,-1.000000e+00,
39,-1.000000e+00,
40,-1.000000e+00,
41,-9.600000e-01,
42,-1.000000e+00,
43,-1.000000e+00,
44,-1.000000e+00,
45,-1.000000e+00,
46,-9.600000e-01,
47,-1.000000e+00,
48,-9.600000e-01,
49,-1.000000e+00,
50,-1.000000e+00,
51,-1.000000e+00,
52,-9.600000e-01,
53,-1.040000e+00,
54,-9.600000e-01,
55,-1.000000e+00,
56,-1.000000e+00,
57,-1.000000e+00,
58,-1.000000e+00,
59,-1.000000e+00,
60,-9.600000e-01,
61,-1.000000e+00,
62,-9.600000e-01,
63,-1.000000e+00,
64,-1.000000e+00,
65,-1.000000e+00,
66,-1.000000e+00,
67,-1.000000e+00,
68,-9.600000e-01,
69,-1.000000e+00,
70,-1.000000e+00,
71,-1.000000e+00,
72,-1.000000e+00,
73,-9.600000e-01,
74,-1.000000e+00,
75,-1.000000e+00,
76,-1.000000e+00,
77,-1.000000e+00,
78,-9.600000e-01,
79,-1.000000e+00,
80,-9.600000e-01,
81,-1.000000e+00,
82,-9.600000e-01,
83,-1.000000e+00,
84,-1.000000e+00,
85,-1.000000e+00,
86,-9.600000e-01,
87,-1.000000e+00,
88,-1.000000e+00,
89,-1.000000e+00,
90,-9.600000e-01,
91,-1.000000e+00,
92,-9.600000e-01,
93,-1.000000e+00,
94,-9.600000e-01,
95,-1.000000e+00,
96,-9.600000e-01,
97,-9.600000e-01,
98,-1.000000e+00,
99,-1.000000e+00,
100,-1.000000e+00,
101,-1.000000e+00,
102,-9.600000e-01,
103,-1.000000e+00,
104,-1.000000e+00,
105,-9.600000e-01,
106,-9.600000e-01,
107,-9.600000e-01,
108,-9.600000e-01,
109,-1.000000e+00,
110,-9.600000e-01,
111,-1.000000e+00,
112,-9.600000e-01,
113,-1.000000e+00,
114,-1.000000e+00,
115,-1.000000e+00,
116,-9.600000e-01,
117,-1.000000e+00,
118,-1.000000e+00,
119,-1.000000e+00,
120,-1.000000e+00,
121,-1.000000e+00,
122,-1.000000e+00,
123,-1.000000e+00,
124,-9.600000e-01,
125,-1.000000e+00,
126,-9.600000e-01,
127,-1.000000e+00,
128,-9.600000e-01,
129,-1.000000e+00,
130,-1.000000e+00,
131,-1.000000e+00,
132,-9.600000e-01,
133,-1.040000e+00,
134,-9.600000e-01,
135,-1.000000e+00,
136,-9.600000e-01,
137,-1.000000e+00,
138,-1.000000e+00,
139,-1.000000e+00,
140,-1.000000e+00,
141,-1.000000e+00,
142,-1.000000e+00,
143,-1.000000e+00,
144,-9.600000e-01,
145,-1.000000e+00,
146,-1.000000e+00,
147,-1.000000e+00,
148,-1.000000e+00,
149,-1.000000e+00,
150,-1.000000e+00,
151,-1.000000e+00,
152,-9.600000e-01,
153,-9.600000e-01,
154,-9.600000e-01,
155,-1.000000e+00,
156,-9.600000e-01,
157,-1.000000e+00,
158,-1.000000e+00,
159,-1.000000e+00,
160,-1.000000e+00,
161,-1.000000e+00,
162,-9.600000e-01,
163,-1.000000e+00,
164,-1.000000e+00,
165,-1.000000e+00,
166,-9.600000e-01,
167,-1.000000e+00,
168,-9.600000e-01,
169,-1.040000e+00,
170,-1.000000e+00,
171,-1.000000e+00,
172,-1.000000e+00,
173,-9.600000e-01,
174,-9.600000e-01,
175,-1.000000e+00,
176,-1.000000e+00,
177,-1.000000e+00,
178,-1.000000e+00,
179,-1.000000e+00,
180,-1.000000e+00,
181,-1.000000e+00,
182,-1.000000e+00,
183,-1.000000e+00,
184,-1.000000e+00,
185,-9.600000e-01,
186,-1.000000e+00,
187,-9.600000e-01,
188,-1.000000e+00,
189,-1.000000e+00,
190,-1.000000e+00,
191,-1.000000e+00,
192,-1.000000e+00,
193,-9.600000e-01,
194,-1.000000e+00,
195,-1.000000e+00,
196,-1.000000e+00,
197,-1.000000e+00,
198,-1.000000e+00,
199,-1.000000e+00,
200,-1.000000e+00,
201,-1.000000e+00,
202,-9.600000e-01,
203,-1.000000e+00,
204,-9.600000e-01,
205,-1.000000e+00,
206,-1.000000e+00,
207,-1.000000e+00,
208,-1.000000e+00,
209,-1.000000e+00,
210,-1.000000e+00,
211,-9.600000e-01,
212,-1.000000e+00,
213,-1.000000e+00,
214,-1.000000e+00,
215,-9.600000e-01,
216,-1.000000e+00,
217,-1.000000e+00,
218,-1.000000e+00,
219,-1.000000e+00,
220,-1.000000e+00,
221,-1.000000e+00,
222,-9.600000e-01,
223,-9.600000e-01,
224,-1.000000e+00,
225,-1.000000e+00,
226,-9.600000e-01,
227,-1.000000e+00,
228,-9.600000e-01,
229,-1.000000e+00,
230,-1.000000e+00,
231,-1.000000e+00,
232,-9.600000e-01,
233,-1.000000e+00,
234,-1.000000e+00,
235,-1.000000e+00,
236,-1.000000e+00,
237,-1.000000e+00,
238,-9.600000e-01,
239,-1.000000e+00,
240,-9.600000e-01,
241,-1.000000e+00,
242,-1.000000e+00,
243,-9.600000e-01,
244,-9.600000e-01,
245,-1.000000e+00,
246,-9.600000e-01,
247,-9.600000e-01,
248,-1.000000e+00,
249,-1.000000e+00,
250,-9.600000e-01,
251,-1.000000e+00,
252,-9.600000e-01,
253,-1.000000e+00,
254,-1.000000e+00,
255,-9.600000e-01,
256,-9.600000e-01,
257,-1.000000e+00,
258,-1.000000e+00,
259,-9.600000e-01,
260,-1.000000e+00,
261,-1.000000e+00,
262,-1.000000e+00,
263,-1.000000e+00,
264,-1.000000e+00,
265,-1.000000e+00,
266,-1.000000e+00,
267,-1.000000e+00,
268,-9.600000e-01,
269,-1.000000e+00,
270,-1.000000e+00,
271,-1.000000e+00,
272,-1.000000e+00,
273,-9.600000e-01,
274,-1.000000e+00,
275,-1.000000e+00,
276,-1.000000e+00,
277,-1.000000e+00,
278,-1.000000e+00,
279,-1.000000e+00,
280,-1.000000e+00,
281,-1.000000e+00,
282,-9.600000e-01,
283,-1.000000e+00,
284,-9.600000e-01,
285,-9.600000e-01,
286,-1.000000e+00,
287,-1.000000e+00,
288,-1.000000e+00,
289,-1.000000e+00,
290,-9.600000e-01,
291,-1.000000e+00,
292,-9.600000e-01,
293,-9.600000e-01,
294,-1.000000e+00,
295,-1.000000e+00,
296,-9.600000e-01,
297,-1.000000e+00,
298,-1.000000e+00,
299,-1.000000e+00,
300,-9.600000e-01,
301,-1.000000e+00,
302,-9.600000e-01,
303,-1.000000e+00,
304,-1.000000e+00,
305,-1.000000e+00,
306,-1.000000e+00,
307,-1.000000e+00,
308,-1.000000e+00,
309,-1.000000e+00,
310,-1.000000e+00,
311,-1.000000e+00,
312,-1.000000e+00,
313,-1.000000e+00,
314,-1.000000e+00,
315,-9.600000e-01,
316,-1.000000e+00,
317,-9.600000e-01,
318,-9.600000e-01,
319,-1.000000e+00,
320,-1.000000e+00,
321,-1.000000e+00,
322,-1.000000e+00,
323,-9.600000e-01,
324,-9.600000e-01,
325,-9.600000e-01,
326,-1.000000e+00,
327,-1.000000e+00,
328,-9.600000e-01,
329,-9.600000e-01,
330,-1.000000e+00,
331,-9.600000e-01,
332,-9.600000e-01,
333,-1.000000e+00,
334,-1.000000e+00,
335,-9.600000e-01,
336,-1.000000e+00,
337,-9.600000e-01,
338,-1.000000e+00,
339,-1.000000e+00,
340,-1.000000e+00,
341,-1.000000e+00,
342,-1.000000e+00,
343,-1.000000e+00,
344,-9.600000e-01,
345,-1.000000e+00,
346,-9.600000e-01,
347,-1.000000e+00,
348,-9.600000e-01,
349,-1.000000e+00,
350,-1.000000e+00,
351,-1.000000e+00,
352,-1.000000e+00,
353,-1.000000e+00,
354,-9.600000e-01,
355,-1.000000e+00,
356,-1.000000e+00,
357,-1.000000e+00,
358,-1.000000e+00,
359,-1.000000e+00,
360,-1.000000e+00,
361,-9.600000e-01,
362,-1.000000e+00,
363,-1.000000e+00,
364,-1.000000e+00,
365,-1.000000e+00,
366,-1.000000e+00,
367,-9.600000e-01,
368,-1.000000e+00,
369,-1.000000e+00,
370,-9.600000e-01,
371,-9.600000e-01,
372,-9.600000e-01,
373,-1.000000e+00,
374,-1.000000e+00,
375,-1.000000e+00,
376,-1.000000e+00,
377,-1.000000e+00,
378,-1.000000e+00,
379,-1.000000e+00,
380,-9.600000e-01,
381,-1.000000e+00,
382,-1.000000e+00,
383,-1.000000e+00,
384,-1.000000e+00,
385,-1.000000e+00,
386,-9.600000e-01,
387,-9.600000e-01,
388,-9.600000e-01,
389,-1.000000e+00,
390,-1.000000e+00,
391,-1.000000e+00,
392,-9.600000e-01,
393,-1.000000e+00,
394,-1.000000e+00,
395,-1.000000e+00,
396,-9.600000e-01,
397,-1.000000e+00,
398,-1.000000e+00,
399,-1.000000e+00,
400,-1.000000e+00,
401,-1.000000e+00,
402,-1.000000e+00,
403,-1.000000e+00,
404,-9.600000e-01,
405,-1.000000e+00,
406,-9.600000e-01,
407,-1.000000e+00,
408,-9.600000e-01,
409,-1.000000e+00,
410,-9.600000e-01,
411,-1.000000e+00,
412,-1.000000e+00,
413,-1.000000e+00,
414,-1.000000e+00,
415,-1.000000e+00,
416,-1.000000e+00,
417,-9.600000e-01,
418,-1.000000e+00,
419,-1.000000e+00,
420,-1.000000e+00,
421,-1.000000e+00,
422,-9.600000e-01,
423,-1.000000e+00,
424,-9.600000e-01,
425,-1.000000e+00,
426,-9.600000e-01,
427,-1.000000e+00,
428,-9.600000e-01,
429,-1.000000e+00,
430,-1.000000e+00,
431,-1.000000e+00,
432,-9.600000e-01,
433,-1.000000e+00,
434,-1.000000e+00,
435,-1.000000e+00,
436,-9.600000e-01,
437,-1.000000e+00,
438,-1.000000e+00,
439,-1.000000e+00,
440,-1.000000e+00,
441,-1.000000e+00,
442,-9.600000e-01,
443,-1.000000e+00,
444,-1.000000e+00,
445,-9.600000e-01,
446,-1.000000e+00,
447,-1.000000e+00,
448,-9.600000e-01,
449,-1.000000e+00,
450,-9.600000e-01,
451,-1.000000e+00,
452,-1.000000e+00,
453,-1.000000e+00,
454,-1.000000e+00,
455,-1.000000e+00,
456,-9.600000e-01,
457,-1.000000e+00,
458,-9.600000e-01,
459,-1.000000e+00,
460,-1.000000e+00,
461,-1.000000e+00,
462,-1.000000e+00,
463,-1.000000e+00,
464,-9.600000e-01,
465,-1.000000e+00,
466,-1.000000e+00,
467,-9.600000e-01,
468,-1.000000e+00,
469,-9.600000e-01,
470,-9.600000e-01,
471,-9.600000e-01,
472,-9.600000e-01,
473,-1.000000e+00,
474,-1.000000e+00,
475,-1.000000e+00,
476,-1.000000e+00,
477,-1.000000e+00,
478,-9.600000e-01,
479,-1.000000e+00,
480,-1.000000e+00,
481,-1.000000e+00,
482,-1.000000e+00,
483,-1.000000e+00,
484,-9.600000e-01,
485,-1.000000e+00,
486,-1.000000e+00,
487,-1.000000e+00,
488,-9.600000e-01,
489,-1.000000e+00,
490,-1.000000e+00,
491,-1.000000e+00,
492,-9.600000e-01,
493,-1.000000e+00,
494,-1.000000e+00,
495,-1.000000e+00,
496,-1.000000e+00,
497,-9.600000e-01,
498,-1.000000e+00,
499,-1.000000e+00,
500,-9.600000e-01,
501,-1.000000e+00,
502,-1.000000e+00,
503,-1.000000e+00,
504,-9.600000e-01,
505,-1.000000e+00,
506,-1.000000e+00,
507,-1.000000e+00,
508,-1.000000e+00,
509,-1.000000e+00,
510,-1.000000e+00,
511,-1.000000e+00,
512,-9.600000e-01,
513,-1.000000e+00,
514,-1.000000e+00,
515,-1.000000e+00,
516,-1.000000e+00,
517,-1.000000e+00,
518,-1.000000e+00,
519,-1.000000e+00,
520,-9.600000e-01,
521,-1.000000e+00,
522,-1.000000e+00,
523,-1.000000e+00,
524,-1.000000e+00,
525,-1.000000e+00,
526,-1.000000e+00,
527,-9.600000e-01,
528,-1.000000e+00,
529,-1.000000e+00,
530,-1.000000e+00,
531,-1.000000e+00,
532,-1.000000e+00,
533,-1.000000e+00,
534,-1.000000e+00,
535,-1.000000e+00,
536,-1.000000e+00,
537,-1.000000e+00,
538,-1.000000e+00,
539,-9.600000e-01,
540,-1.000000e+00,
541,-1.000000e+00,
542,-1.000000e+00,
543,-1.000000e+00,
544,-9.600000e-01,
545,-1.000000e+00,
546,-9.600000e-01,
547,-1.000000e+00,
548,-9.600000e-01,
549,-1.000000e+00,
550,-1.000000e+00,
551,-1.000000e+00,
552,-1.000000e+00,
553,-1.000000e+00,
554,-1.000000e+00,
555,-9.600000e-01,
556,-1.000000e+00,
557,-1.000000e+00,
558,-1.000000e+00,
559,-1.000000e+00,
560,-1.000000e+00,
561,-1.000000e+00,
562,-9.600000e-01,
563,-1.000000e+00,
564,-9.600000e-01,
565,-1.000000e+00,
566,-9.600000e-01,
567,-1.000000e+00,
568,-1.000000e+00,
569,-1.000000e+00,
570,-1.000000e+00,
571,-1.000000e+00,
572,-9.600000e-01,
573,-1.000000e+00,
574,-1.000000e+00,
575,-1.000000e+00,
576,-1.000000e+00,
577,-1.000000e+00,
578,-1.000000e+00,
579,-1.000000e+00,
580,-1.000000e+00,
581,-1.000000e+00,
582,-1.000000e+00,
583,-1.000000e+00,
584,-1.000000e+00,
585,-1.000000e+00,
586,-1.000000e+00,
587,-1.000000e+00,
588,-1.000000e+00,
589,-1.000000e+00,
590,-1.000000e+00,
591,-9.600000e-01,
592,-1.000000e+00,
593,-9.600000e-01,
594,-1.000000e+00,
595,-1.000000e+00,
596,-1.000000e+00,
597,-1.000000e+00,
598,-1.000000e+00,
599,-9.600000e-01,
600,-9.600000e-01,
601,-1.000000e+00,
602,-1.000000e+00,
603,-1.000000e+00,
604,-1.000000e+00,
605,-1.000000e+00,
606,-1.000000e+00,
607,-9.600000e-01,
608,-1.000000e+00,
609,-1.000000e+00,
610,-1.000000e+00,
611,-1.000000e+00,
612,-9.600000e-01,
613,-1.000000e+00,
614,-9.600000e-01,
615,-1.000000e+00,
616,-1.000000e+00,
617,-9.600000e-01,
618,-1.000000e+00,
619,-1.000000e+00,
620,-1.000000e+00,
621,-1.000000e+00,
622,-1.000000e+00,
623,-1.000000e+00,
624,-1.000000e+00,
625,-1.000000e+00,
626,-1.000000e+00,
627,-1.000000e+00,
628,-1.000000e+00,
629,-9.600000e-01,
630,-1.000000e+00,
631,-9.600000e-01,
632,-1.000000e+00,
633,-1.000000e+00,
634,-9.600000e-01,
635,-1.000000e+00,
636,-1.000000e+00,
637,-9.600000e-01,
638,-9.600000e-01,
639,-9.600000e-01,
640,-1.000000e+00,
641,-1.000000e+00,
642,-9.600000e-01,
643,-9.600000e-01,
644,-1.000000e+00,
645,-1.000000e+00,
646,-1.000000e+00,
647,-1.000000e+00,
648,-1.000000e+00,
649,-1.000000e+00,
650,-1.000000e+00,
651,-9.600000e-01,
652,-1.000000e+00,
653,-1.000000e+00,
654,-1.000000e+00,
655,-1.000000e+00,
656,-1.000000e+00,
657,-1.000000e+00,
658,-1.000000e+00,
659,-1.000000e+00,
660,-1.000000e+00,
661,-1.000000e+00,
662,-9.600000e-01,
663,-1.000000e+00,
664,-9.600000e-01,
665,-1.000000e+00,
666,-1.000000e+00,
667,-1.000000e+00,
668,-1.000000e+00,
669,-9.600000e-01,
670,-1.000000e+00,
671,-1.000000e+00,
672,-1.000000e+00,
673,-1.000000e+00,
674,-1.000000e+00,
675,-9.600000e-01,
676,-1.000000e+00,
677,-1.000000e+00,
678,-1.000000e+00,
679,-9.600000e-01,
680,-1.000000e+00,
681,-1.000000e+00,
682,-1.000000e+00,
683,-1.000000e+00,
684,-1.000000e+00,
685,-9.600000e-01,
686,-9.600000e-01,
687,-1.000000e+00,
688,-1.000000e+00,
689,-1.000000e+00,
690,-9.600000e-01,
691,-1.000000e+00,
692,-1.000000e+00,
693,-1.000000e+00,
694,-1.000000e+00,
695,-1.000000e+00,
696,-1.000000e+00,
697,-1.000000e+00,
698,-9.600000e-01,
699,-9.600000e-01,
700,-1.000000e+00,
701,-1.000000e+00,
702,-9.600000e-01,
703,-1.000000e+00,
704,-1.000000e+00,
705,-9.600000e-01,
706,-1.000000e+00,
707,-1.000000e+00,
708,-9.600000e-01,
709,-1.000000e+00,
710,-1.000000e+00,
711,-9.600000e-01,
712,-1.000000e+00,
713,-1.000000e+00,
714,-1.000000e+00,
715,-1.000000e+00,
716,-9.600000e-01,
717,-1.000000e+00,
718,-9.600000e-01,
719,-1.000000e+00,
720,-1.000000e+00,
721,-1.000000e+00,
722,-9.600000e-01,
723,-9.600000e-01,
724,-1.000000e+00,
725,-1.000000e+00,
726,-1.000000e+00,
727,-1.000000e+00,
728,-9.600000e-01,
729,-9.600000e-01,
730,-1.000000e+00,
731,-1.000000e+00,
732,-1.000000e+00,
733,-1.000000e+00,
734,-9.600000e-01,
735,-1.000000e+00,
736,-1.000000e+00,
737,-1.000000e+00,
738,-1.000000e+00,
739,-1.000000e+00,
740,-9.600000e-01,
741,-9.600000e-01,
742,-9.600000e-01,
743,-1.000000e+00,
744,-1.000000e+00,
745,-1.000000e+00,
746,-1.000000e+00,
747,-9.600000e-01,
748,-1.000000e+00,
749,-1.000000e+00,
750,-9.600000e-01,
751,-1.000000e+00,
752,-1.000000e+00,
753,-1.000000e+00,
754,-1.000000e+00,
755,-1.000000e+00,
756,-9.600000e-01,
757,-1.000000e+00,
758,-9.600000e-01,
759,-1.000000e+00,
760,-1.000000e+00,
761,-9.600000e-01,
762,-1.000000e+00,
763,-9.600000e-01,
764,-1.000000e+00,
765,-1.000000e+00,
766,-1.000000e+00,
767,-1.000000e+00,
768,-1.000000e+00,
769,-1.000000e+00,
770,-1.000000e+00,
771,-1.000000e+00,
772,-1.000000e+00,
773,-1.000000e+00,
774,-1.000000e+00,
775,-9.600000e-01,
776,-9.600000e-01,
777,-1.000000e+00,
778,-1.000000e+00,
779,-9.600000e-01,
780,-9.600000e-01,
781,-1.000000e+00,
782,-1.000000e+00,
783,-1.000000e+00,
784,-1.000000e+00,
785,-9.600000e-01,
786,-1.000000e+00,
787,-1.000000e+00,
788,-9.600000e-01,
789,-1.000000e+00,
790,-9.600000e-01,
791,-1.000000e+00,
792,-1.000000e+00,
793,-1.000000e+00,
794,-9.600000e-01,
795,-9.600000e-01,
796,-9.600000e-01,
797,-1.000000e+00,
798,-1.000000e+00,
799,-1.000000e+00,
800,-1.000000e+00,
801,-9.600000e-01,
802,-1.000000e+00,
803,-1.000000e+00,
804,-1.000000e+00,
805,-9.600000e-01,
806,-9.600000e-01,
807,-1.000000e+00,
808,-1.000000e+00,
809,-1.000000e+00,
810,-9.600000e-01,
811,-1.000000e+00,
812,-9.600000e-01,
813,-1.000000e+00,
814,-9.600000e-01,
815,-1.000000e+00,
816,-9.600000e-01,
817,-1.000000e+00,
818,-9.600000e-01,
819,-1.000000e+00,
820,-1.000000e+00,
821,-1.000000e+00,
822,-9.600000e-01,
823,-1.000000e+00,
824,-1.000000e+00,
825,-1.000000e+00,
826,-1.000000e+00,
827,-1.000000e+00,
828,-9.600000e-01,
829,-1.000000e+00,
830,-1.000000e+00,
831,-1.000000e+00,
832,-1.000000e+00,
833,-1.000000e+00,
834,-1.000000e+00,
835,-1.000000e+00,
836,-1.000000e+00,
837,-1.000000e+00,
838,-1.000000e+00,
839,-1.000000e+00,
840,-9.600000e-01,
841,-1.000000e+00,
842,-9.600000e-01,
843,-1.000000e+00,
844,-1.000000e+00,
845,-1.000000e+00,
846,-9.600000e-01,
847,-1.000000e+00,
848,-1.000000e+00,
849,-1.000000e+00,
850,-1.000000e+00,
851,-1.000000e+00,
852,-1.000000e+00,
853,-1.000000e+00,
854,-1.000000e+00,
855,-1.000000e+00,
856,-9.600000e-01,
857,-1.000000e+00,
858,-1.000000e+00,
859,-1.000000e+00,
860,-9.600000e-01,
861,-1.000000e+00,
862,-9.600000e-01,
863,-1.000000e+00,
864,-1.000000e+00,
865,-9.600000e-01,
866,-1.000000e+00,
867,-9.600000e-01,
868,-1.000000e+00,
869,-1.000000e+00,
870,-1.000000e+00,
871,-1.000000e+00,
872,-9.600000e-01,
873,-9.600000e-01,
874,-1.000000e+00,
875,-9.600000e-01,
876,-1.000000e+00,
877,-1.000000e+00,
878,-1.000000e+00,
879,-1.000000e+00,
880,-9.600000e-01,
881,-1.000000e+00,
882,-9.600000e-01,
883,-1.000000e+00,
884,-1.000000e+00,
885,-1.000000e+00,
886,-9.600000e-01,
887,-1.000000e+00,
888,-1.000000e+00,
889,-9.600000e-01,
890,-1.000000e+00,
891,-1.000000e+00,
892,-9.600000e-01,
893,-1.000000e+00,
894,-1.000000e+00,
895,-1.000000e+00,
896,-9.600000e-01,
897,-9.600000e-01,
898,-1.000000e+00,
899,-1.000000e+00,
900,-9.600000e-01,
901,-1.000000e+00,
902,-9.600000e-01,
903,-1.000000e+00,
904,-1.000000e+00,
905,-1.000000e+00,
906,-9.600000e-01,
907,-1.000000e+00,
908,-9.600000e-01,
909,-1.000000e+00,
910,-1.000000e+00,
911,-1.000000e+00,
912,-1.000000e+00,
913,-9.600000e-01,
914,-1.000000e+00,
915,-1.000000e+00,
916,-9.600000e-01,
917,-1.000000e+00,
918,-1.000000e+00,
919,-1.000000e+00,
920,-9.600000e-01,
921,-1.000000e+00,
922,-1.000000e+00,
923,-1.000000e+00,
924,-9.600000e-01,
925,-1.000000e+00,
926,-1.000000e+00,
927,-1.000000e+00,
928,-9.600000e-01,
929,-1.000000e+00,
930,-1.000000e+00,
931,-1.000000e+00,
932,-1.000000e+00,
933,-1.040000e+00,
934,-9.600000e-01,
935,-1.000000e+00,
936,-1.000000e+00,
937,-1.000000e+00,
938,-1.000000e+00,
939,-1.000000e+00,
940,-9.600000e-01,
941,-9.600000e-01,
942,-9.600000e-01,
943,-9.600000e-01,
944,-9.600000e-01,
945,-9.600000e-01,
946,-1.000000e+00,
947,-1.000000e+00,
948,-1.000000e+00,
949,-1.000000e+00,
950,-1.000000e+00,
951,-1.000000e+00,
952,-1.000000e+00,
953,-1.000000e+00,
954,-1.000000e+00,
955,-9.600000e-01,
956,-1.000000e+00,
957,-9.600000e-01,
958,-1.000000e+00,
959,-1.000000e+00,
960,-1.000000e+00,
961,-1.000000e+00,
962,-9.600000e-01,
963,-1.000000e+00,
964,-1.000000e+00,
965,-1.000000e+00,
966,-1.000000e+00,
967,-1.000000e+00,
968,-1.000000e+00,
969,-1.000000e+00,
970,-9.600000e-01,
971,-1.000000e+00,
972,-9.600000e-01,
973,-1.000000e+00,
974,-9.600000e-01,
975,-1.000000e+00,
976,-1.000000e+00,
977,-1.000000e+00,
978,-1.000000e+00,
979,-1.000000e+00,
980,-1.000000e+00,
981,-1.000000e+00,
982,-9.600000e-01,
983,-1.000000e+00,
984,-9.600000e-01,
985,-1.000000e+00,
986,-1.000000e+00,
987,-1.000000e+00,
988,-9.600000e-01,
989,-9.600000e-01,
990,-9.600000e-01,
991,-1.000000e+00,
992,-1.000000e+00,
993,-1.000000e+00,
994,-9.600000e-01,
995,-9.600000e-01,
996,-1.000000e+00,
997,-1.000000e+00,
998,-1.000000e+00,
999,-1.000000e+00,
1000,-9.600000e-01,
1001,-1.000000e+00,
1002,-9.600000e-01,
1003,-1.000000e+00,
1004,-1.000000e+00,
1005,-9.600000e-01,
1006,-1.000000e+00,
1007,-1.000000e+00,
1008,-1.000000e+00,
1009,-9.600000e-01,
1010,-1.000000e+00,
1011,-1.000000e+00,
1012,-1.000000e+00,
1013,-1.000000e+00,
1014,-1.000000e+00,
1015,-1.000000e+00,
1016,-1.000000e+00,
1017,-1.000000e+00,
1018,-1.000000e+00,
1019,-1.000000e+00,
1020,-1.000000e+00,
1021,-1.000000e+00,
1022,-9.600000e-01,
1023,-1.000000e+00,
1024,-1.000000e+00,
1025,-1.000000e+00,
1026,-9.600000e-01,
1027,-1.000000e+00,
1028,-9.600000e-01,
1029,-1.000000e+00,
1030,-1.000000e+00,
1031,-1.000000e+00,
1032,-1.000000e+00,
1033,-1.000000e+00,
1034,-1.000000e+00,
1035,-1.000000e+00,
1036,-9.600000e-01,
1037,-1.000000e+00,
1038,-9.600000e-01,
1039,-9.600000e-01,
1040,-1.000000e+00,
1041,-1.000000e+00,
1042,-1.000000e+00,
1043,-1.000000e+00,
1044,-1.000000e+00,
1045,-9.600000e-01,
1046,-1.000000e+00,
1047,-1.000000e+00,
1048,-9.600000e-01,
1049,-1.000000e+00,
1050,-9.600000e-01,
1051,-1.000000e+00,
1052,-9.600000e-01,
1053,-1.000000e+00,
1054,-9.600000e-01,
1055,-1.000000e+00,
1056,-9.600000e-01,
1057,-1.000000e+00,
1058,-1.000000e+00,
1059,-9.600000e-01,
1060,-1.000000e+00,
1061,-1.000000e+00,
1062,-1.000000e+00,
1063,-1.000000e+00,
1064,-1.000000e+00,
1065,-9.600000e-01,
1066,-1.000000e+00,
1067,-1.000000e+00,
1068,-1.000000e+00,
1069,-1.000000e+00,
1070,-1.000000e+00,
1071,-1.000000e+00,
1072,-9.600000e-01,
1073,-1.000000e+00,
1074,-1.000000e+00,
1075,-1.000000e+00,
1076,-9.600000e-01,
1077,-1.000000e+00,
1078,-9.600000e-01,
1079,-1.000000e+00,
1080,-1.000000e+00,
1081,-1.000000e+00,
1082,-1.000000e+00,
1083,-1.000000e+00,
1084,-1.000000e+00,
1085,-1.000000e+00,
1086,-1.000000e+00,
1087,-1.000000e+00,
1088,-1.000000e+00,
1089,-1.000000e+00,
1090,-9.600000e-01,
1091,-1.000000e+00,
1092,-9.600000e-01,
1093,-1.000000e+00,
1094,-1.000000e+00,
1095,-1.000000e+00,
1096,-9.600000e-01,
1097,-1.000000e+00,
1098,-9.600000e-01,
1099,-1.000000e+00,
1100,-1.000000e+00,
1101,-9.600000e-01,
1102,-1.000000e+00,
1103,-1.000000e+00,
1104,-9.600000e-01,
1105,-1.000000e+00,
1106,-1.000000e+00,
1107,-1.000000e+00,
1108,-1.000000e+00,
1109,-1.000000e+00,
1110,-1.000000e+00,
1111,-1.000000e+00,
1112,-9.600000e-01,
1113,-1.000000e+00,
1114,-9.600000e-01,
1115,-1.000000e+00,
1116,-1.000000e+00,
1117,-1.000000e+00,
1118,-9.600000e-01,
1119,-1.000000e+00,
1120,-1.000000e+00,
1121,-1.000000e+00,
1122,-9.600000e-01,
1123,-1.000000e+00,
1124,-1.000000e+00,
1125,-1.000000e+00,
1126,-9.600000e-01,
1127,-1.000000e+00,
1128,-1.000000e+00,
1129,-1.000000e+00,
1130,-1.000000e+00,
1131,-1.000000e+00,
1132,-9.600000e-01,
1133,-1.000000e+00,
1134,-9.600000e-01,
1135,-1.000000e+00,
1136,-1.000000e+00,
1137,-1.000000e+00,
1138,-1.000000e+00,
1139,-9.600000e-01,
1140,-1.000000e+00,
1141,-9.600000e-01,
1142,-1.000000e+00,
1143,-1.000000e+00,
1144,-1.000000e+00,
1145,-9.600000e-01,
1146,-9.600000e-01,
1147,-9.600000e-01,
1148,-1.000000e+00,
1149,-9.600000e-01,
1150,-1.000000e+00,
1151,-1.000000e+00,
1152,-1.000000e+00,
1153,-1.000000e+00,
1154,-1.000000e+00,
1155,-9.600000e-01,
1156,-1.000000e+00,
1157,-1.000000e+00,
1158,-1.000000e+00,
1159,-1.000000e+00,
1160,-9.600000e-01,
1161,-1.000000e+00,
1162,-1.000000e+00,
1163,-1.000000e+00,
1164,-9.600000e-01,
1165,-1.000000e+00,
1166,-9.600000e-01,
1167,-1.000000e+00,
1168,-1.000000e+00,
1169,-1.000000e+00,
1170,-1.000000e+00,
1171,-1.000000e+00,
1172,-1.000000e+00,
1173,-1.000000e+00,
1174,-9.600000e-01,
1175,-1.000000e+00,
1176,-9.600000e-01,
1177,-1.000000e+00,
1178,-9.600000e-01,
1179,-1.000000e+00,
1180,-9.600000e-01,
1181,-1.000000e+00,
1182,-1.000000e+00,
1183,-1.000000e+00,
1184,-9.600000e-01,
1185,-9.600000e-01,
1186,-1.000000e+00,
1187,-1.000000e+00,
1188,-1.000000e+00,
1189,-1.000000e+00,
1190,-1.000000e+00,
1191,-1.000000e+00,
1192,-1.000000e+00,
1193,-1.000000e+00,
1194,-1.000000e+00,
1195,-1.000000e+00,
1196,-1.000000e+00,
1197,-1.000000e+00,
1198,-1.000000e+00,
1199,-1.040000e+00,
1200,-9.600000e-01,
1201,-1.000000e+00,
1202,-1.000000e+00,
1203,-1.000000e+00,
1204,-1.000000e+00,
1205,-1.000000e+00,
1206,-1.000000e+00,
1207,-1.000000e+00,
1208,-1.000000e+00,
1209,-1.000000e+00,
1210,-1.000000e+00,
1211,-1.000000e+00,
1212,-1.000000e+00,
1213,-1.000000e+00,
1214,-1.000000e+00,
1215,-1.000000e+00,
1216,-1.000000e+00,
1217,-1.000000e+00,
1218,-1.000000e+00,
1219,-9.600000e-01,
1220,-1.000000e+00,
1221,-1.000000e+00,
1222,-9.600000e-01,
1223,-1.000000e+00,
1224,-1.000000e+00,
1225,-1.000000e+00,
1226,-1.000000e+00,
1227,-1.000000e+00,
1228,-1.000000e+00,
1229,-9.600000e-01,
1230,-1.000000e+00,
1231,-1.000000e+00,
1232,-9.600000e-01,
1233,-1.000000e+00,
1234,-9.600000e-01,
1235,-1.000000e+00,
1236,-1.000000e+00,
1237,-1.000000e+00,
1238,-9.600000e-01,
1239,-1.000000e+00,
1240,-1.000000e+00,
1241,-1.000000e+00,
1242,-1.000000e+00,
1243,-1.000000e+00,
1244,-9.600000e-01,
1245,-1.000000e+00,
1246,-1.000000e+00,
1247,-1.000000e+00,
1248,-1.000000e+00,
1249,-1.000000e+00,
1250,-1.000000e+00,
1251,-1.000000e+00,
1252,-9.600000e-01,
1253,-1.000000e+00,
1254,-1.000000e+00,
1255,-1.000000e+00,
1256,-1.000000e+00,
1257,-1.000000e+00,
1258,-1.000000e+00,
1259,-9.600000e-01,
1260,-1.000000e+00,
1261,-1.000000e+00,
1262,-1.000000e+00,
1263,-9.600000e-01,
1264,-1.000000e+00,
1265,-1.000000e+00,
1266,-1.000000e+00,
1267,-1.000000e+00,
1268,-1.000000e+00,
1269,-1.000000e+00,
1270,-1.000000e+00,
1271,-1.000000e+00,
1272,-9.600000e-01,
1273,-1.000000e+00,
1274,-1.000000e+00,
1275,-1.000000e+00,
1276,-1.000000e+00,
1277,-1.000000e+00,
1278,-1.000000e+00,
1279,-1.000000e+00,
1280,-9.600000e-01,
1281,-1.000000e+00,
1282,-1.000000e+00,
1283,-1.000000e+00,
1284,-9.600000e-01,
1285,-1.000000e+00,
1286,-1.000000e+00,
1287,-1.000000e+00,
1288,-1.000000e+00,
1289,-1.000000e+00,
1290,-1.000000e+00,
1291,-1.000000e+00,
1292,-1.000000e+00,
1293,-1.000000e+00,
1294,-1.000000e+00,
1295,-1.000000e+00,
1296,-1.000000e+00,
1297,-1.000000e+00,
1298,-1.000000e+00,
1299,-1.000000e+00,
1300,-1.000000e+00,
1301,-1.000000e+00,
1302,-1.000000e+00,
1303,-1.000000e+00,
1304,-9.600000e-01,
1305,-1.000000e+00,
1306,-1.000000e+00,
1307,-9.600000e-01,
1308,-9.600000e-01,
1309,-1.000000e+00,
1310,-9.600000e-01,
1311,-1.000000e+00,
1312,-9.600000e-01,
1313,-1.000000e+00,
1314,-1.000000e+00,
1315,-1.000000e+00,
1316,-1.000000e+00,
1317,-1.000000e+00,
1318,-1.000000e+00,
1319,-1.000000e+00,
1320,-1.000000e+00,
1321,-1.000000e+00,
1322,-1.000000e+00,
1323,-9.600000e-01,
1324,-1.000000e+00,
1325,-1.000000e+00,
1326,-1.000000e+00,
1327,-1.000000e+00,
1328,-1.000000e+00,
1329,-1.000000e+00,
1330,-9.600000e-01,
1331,-1.000000e+00,
1332,-1.000000e+00,
1333,-9.600000e-01,
1334,-9.600000e-01,
1335,-1.000000e+00,
1336,-1.000000e+00,
1337,-1.000000e+00,
1338,-1.000000e+00,
1339,-1.000000e+00,
1340,-1.000000e+00,
1341,-9.600000e-01,
1342,-1.000000e+00,
1343,-9.600000e-01,
1344,-9.600000e-01,
1345,-1.000000e+00,
1346,-9.600000e-01,
1347,-1.000000e+00,
1348,-9.600000e-01,
1349,-1.000000e+00,
1350,-1.000000e+00,
1351,-1.000000e+00,
1352,-1.000000e+00,
1353,-1.000000e+00,
1354,-9.600000e-01,
1355,-1.000000e+00,
1356,-1.000000e+00,
1357,-1.000000e+00,
1358,-1.000000e+00,
1359,-1.000000e+00,
1360,-1.000000e+00,
1361,-1.000000e+00,
1362,-9.600000e-01,
1363,-1.000000e+00,
1364,-9.600000e-01,
1365,-1.000000e+00,
1366,-1.000000e+00,
1367,-1.000000e+00,
1368,-1.000000e+00,
1369,-1.000000e+00,
1370,-1.000000e+00,
1371,-9.600000e-01,
1372,-1.000000e+00,
1373,-9.600000e-01,
1374,-1.000000e+00,
1375,-1.000000e+00,
1376,-9.600000e-01,
1377,-1.000000e+00,
1378,-9.600000e-01,
1379,-9.200000e-01,
1380,-8.800000e-01,
1381,-8.400000e-01,
1382,-7.200000e-01,
1383,-6.800000e-01,
1384,-6.000000e-01,
1385,-5.200000e-01,
1386,-4.000000e-01,
1387,-3.200000e-01,
1388,-2.800000e-01,
1389,-2.000000e-01,
1390,-1.200000e-01,
1391,-4.000000e-02,
1392,0.000000e+00,
1393,4.000000e-02,
1394,4.000000e-02,
1395,4.000000e-02,
1396,4.000000e-02,
1397,0.000000e+00,
1398,0.000000e+00,
1399,4.000000e-02,
1400,4.000000e-02,
1401,0.000000e+00,
1402,8.000000e-02,
1403,4.000000e-02,
1404,4.000000e-02,
1405,4.000000e-02,
1406,4.000000e-02,
1407,4.000000e-02,
1408,8.000000e-02,
1409,4.000000e-02,
1410,8.000000e-02,
1411,4.000000e-02,
1412,8.000000e-02,
1413,4.000000e-02,
1414,8.000000e-02,
1415,8.000000e-02,
1416,4.000000e-02,
1417,4.000000e-02,
1418,4.000000e-02,
1419,8.000000e-02,
1420,4.000000e-02,
1421,4.000000e-02,
1422,8.000000e-02,
1423,4.000000e-02,
1424,4.000000e-02,
1425,8.000000e-02,
1426,8.000000e-02,
1427,8.000000e-02,
1428,8.000000e-02,
1429,4.000000e-02,
1430,8.000000e-02,
1431,8.000000e-02,
1432,8.000000e-02,
1433,4.000000e-02,
1434,8.000000e-02,
1435,8.000000e-02,
1436,4.000000e-02,
1437,8.000000e-02,
1438,8.000000e-02,
1439,8.000000e-02,
1440,8.000000e-02,
1441,8.000000e-02,
1442,4.000000e-02,
1443,8.000000e-02,
1444,8.000000e-02,
1445,8.000000e-02,
1446,8.000000e-02,
1447,8.000000e-02,
1448,8.000000e-02,
1449,4.000000e-02,
1450,8.000000e-02,
1451,4.000000e-02,
1452,8.000000e-02,
1453,8.000000e-02,
1454,8.000000e-02,
1455,8.000000e-02,
1456,8.000000e-02,
1457,8.000000e-02,
1458,8.000000e-02,
1459,8.000000e-02,
1460,8.000000e-02,
1461,8.000000e-02,
1462,8.000000e-02,
1463,8.000000e-02,
1464,8.000000e-02,
1465,4.000000e-02,
1466,8.000000e-02,
1467,8.000000e-02,
1468,8.000000e-02,
1469,8.000000e-02,
1470,8.000000e-02,
1471,8.000000e-02,
1472,8.000000e-02,
1473,4.000000e-02,
1474,8.000000e-02,
1475,4.000000e-02,
1476,8.000000e-02,
1477,8.000000e-02,
1478,8.000000e-02,
1479,8.000000e-02,
1480,8.000000e-02,
1481,8.000000e-02,
1482,8.000000e-02,
1483,8.000000e-02,
1484,8.000000e-02,
1485,8.000000e-02,
1486,8.000000e-02,
1487,8.000000e-02,
1488,8.000000e-02,
1489,8.000000e-02,
1490,8.000000e-02,
1491,4.000000e-02,
1492,8.000000e-02,
1493,8.000000e-02,
1494,8.000000e-02,
1495,8.000000e-02,
1496,4.000000e-02,
1497,8.000000e-02,
1498,8.000000e-02,
1499,8.000000e-02,
1500,8.000000e-02,
1501,8.000000e-02,
1502,8.000000e-02,
1503,4.000000e-02,
1504,8.000000e-02,
1505,8.000000e-02,
1506,8.000000e-02,
1507,8.000000e-02,
1508,8.000000e-02,
1509,8.000000e-02,
1510,8.000000e-02,
1511,8.000000e-02,
1512,8.000000e-02,
1513,8.000000e-02,
1514,8.000000e-02,
1515,8.000000e-02,
1516,8.000000e-02,
1517,8.000000e-02,
1518,8.000000e-02,
1519,8.000000e-02,
1520,8.000000e-02,
1521,8.000000e-02,
1522,8.000000e-02,
1523,8.000000e-02,
1524,8.000000e-02,
1525,8.000000e-02,
1526,8.000000e-02,
1527,8.000000e-02,
1528,8.000000e-02,
1529,8.000000e-02,
1530,8.000000e-02,
1531,8.000000e-02,
1532,8.000000e-02,
1533,8.000000e-02,
1534,1.200000e-01,
1535,8.000000e-02,
1536,8.000000e-02,
1537,8.000000e-02,
1538,1.200000e-01,
1539,8.000000e-02,
1540,8.000000e-02,
1541,8.000000e-02,
1542,8.000000e-02,
1543,8.000000e-02,
1544,8.000000e-02,
1545,8.000000e-02,
1546,8.000000e-02,
1547,8.000000e-02,
1548,8.000000e-02,
1549,8.000000e-02,
1550,1.200000e-01,
1551,8.000000e-02,
1552,8.000000e-02,
1553,8.000000e-02,
1554,8.000000e-02,
1555,8.000000e-02,
1556,8.000000e-02,
1557,8.000000e-02,
1558,8.000000e-02,
1559,8.000000e-02,
1560,8.000000e-02,
1561,8.000000e-02,
1562,8.000000e-02,
1563,8.000000e-02,
1564,8.000000e-02,
1565,8.000000e-02,
1566,8.000000e-02,
1567,8.000000e-02,
1568,1.200000e-01,
1569,4.000000e-02,
1570,8.000000e-02,
1571,8.000000e-02,
1572,8.000000e-02,
1573,8.000000e-02,
1574,8.000000e-02,
1575,8.000000e-02,
1576,1.200000e-01,
1577,8.000000e-02,
1578,1.200000e-01,
1579,8.000000e-02,
1580,8.000000e-02,
1581,8.000000e-02,
1582,8.000000e-02,
1583,8.000000e-02,
1584,8.000000e-02,
1585,8.000000e-02,
1586,8.000000e-02,
1587,8.000000e-02,
1588,8.000000e-02,
1589,8.000000e-02,
1590,8.000000e-02,
1591,8.000000e-02,
1592,8.000000e-02,
1593,8.000000e-02,
1594,8.000000e-02,
1595,8.000000e-02,
1596,8.000000e-02,
1597,8.000000e-02,
1598,8.000000e-02,
1599,8.000000e-02,
1600,8.000000e-02,
1601,8.000000e-02,
1602,8.000000e-02,
1603,4.000000e-02,
1604,8.000000e-02,
1605,8.000000e-02,
1606,8.000000e-02,
1607,8.000000e-02,
1608,1.200000e-01,
1609,8.000000e-02,
1610,8.000000e-02,
1611,8.000000e-02,
1612,1.200000e-01,
1613,8.000000e-02,
1614,8.000000e-02,
1615,8.000000e-02,
1616,1.200000e-01,
1617,8.000000e-02,
1618,8.000000e-02,
1619,8.000000e-02,
1620,8.000000e-02,
1621,4.000000e-02,
1622,1.200000e-01,
1623,8.000000e-02,
1624,8.000000e-02,
1625,8.000000e-02,
1626,1.200000e-01,
1627,8.000000e-02,
1628,1.200000e-01,
1629,1.200000e-01,
1630,1.200000e-01,
1631,4.000000e-02,
1632,1.200000e-01,
1633,8.000000e-02,
1634,8.000000e-02,
1635,8.000000e-02,
1636,8.000000e-02,
1637,8.000000e-02,
1638,8.000000e-02,
1639,1.200000e-01,
1640,8.000000e-02,
1641,8.000000e-02,
1642,8.000000e-02,
1643,8.000000e-02,
1644,1.200000e-01,
1645,8.000000e-02,
1646,8.000000e-02,
1647,8.000000e-02,
1648,8.000000e-02,
1649,8.000000e-02,
1650,1.200000e-01,
1651,8.000000e-02,
1652,8.000000e-02,
1653,8.000000e-02,
1654,8.000000e-02,
1655,8.000000e-02,
1656,8.000000e-02,
1657,8.000000e-02,
1658,1.200000e-01,
1659,1.200000e-01,
1660,8.000000e-02,
1661,8.000000e-02,
1662,8.000000e-02,
1663,8.000000e-02,
1664,8.000000e-02,
1665,8.000000e-02,
1666,1.200000e-01,
1667,1.200000e-01,
1668,8.000000e-02,
1669,8.000000e-02,
1670,1.200000e-01,
1671,8.000000e-02,
1672,1.200000e-01,
1673,8.000000e-02,
1674,8.000000e-02,
1675,8.000000e-02,
1676,8.000000e-02,
1677,8.000000e-02,
1678,8.000000e-02,
1679,8.000000e-02,
1680,8.000000e-02,
1681,8.000000e-02,
1682,1.200000e-01,
1683,8.000000e-02,
1684,1.200000e-01,
1685,8.000000e-02,
1686,1.200000e-01,
1687,8.000000e-02,
1688,8.000000e-02,
1689,8.000000e-02,
1690,1.200000e-01,
1691,1.200000e-01,
1692,8.000000e-02,
1693,8.000000e-02,
1694,1.200000e-01,
1695,8.000000e-02,
1696,1.200000e-01,
1697,8.000000e-02,
1698,1.200000e-01,
1699,8.000000e-02,
1700,8.000000e-02,
1701,8.000000e-02,
1702,1.200000e-01,
1703,1.200000e-01,
1704,8.000000e-02,
1705,8.000000e-02,
1706,8.000000e-02,
1707,1.200000e-01,
1708,1.200000e-01,
1709,8.000000e-02,
1710,1.200000e-01,
1711,8.000000e-02,
1712,1.200000e-01,
1713,8.000000e-02,
1714,1.200000e-01,
1715,8.000000e-02,
1716,8.000000e-02,
1717,1.200000e-01,
1718,1.200000e-01,
1719,8.000000e-02,
1720,8.000000e-02,
1721,8.000000e-02,
1722,1.200000e-01,
1723,8.000000e-02,
1724,8.000000e-02,
1725,1.200000e-01,
1726,8.000000e-02,
1727,1.200000e-01,
1728,8.000000e-02,
1729,8.000000e-02,
1730,1.200000e-01,
1731,8.000000e-02,
1732,1.200000e-01,
1733,8.000000e-02,
1734,1.200000e-01,
1735,8.000000e-02,
1736,1.200000e-01,
1737,8.000000e-02,
1738,8.000000e-02,
1739,1.200000e-01,
1740,8.000000e-02,
1741,8.000000e-02,
1742,8.000000e-02,
1743,8.000000e-02,
1744,8.000000e-02,
1745,8.000000e-02,
1746,1.200000e-01,
1747,1.200000e-01,
1748,8.000000e-02,
1749,8.000000e-02,
1750,1.200000e-01,
1751,8.000000e-02,
1752,1.200000e-01,
1753,1.200000e-01,
1754,8.000000e-02,
1755,8.000000e-02,
1756,1.200000e-01,
1757,8.000000e-02,
1758,1.200000e-01,
1759,8.000000e-02,
1760,8.000000e-02,
1761,1.200000e-01,
1762,1.200000e-01,
1763,8.000000e-02,
1764,1.200000e-01,
1765,8.000000e-02,
1766,1.200000e-01,
1767,8.000000e-02,
1768,1.200000e-01,
1769,1.200000e-01,
1770,1.200000e-01,
1771,8.000000e-02,
1772,1.200000e-01,
1773,8.000000e-02,
1774,1.200000e-01,
1775,8.000000e-02,
1776,1.200000e-01,
1777,1.200000e-01,
1778,1.200000e-01,
1779,8.000000e-02,
1780,8.000000e-02,
1781,1.200000e-01,
1782,1.200000e-01,
1783,8.000000e-02,
1784,1.200000e-01,
1785,8.000000e-02,
1786,1.200000e-01,
1787,8.000000e-02,
1788,1.200000e-01,
1789,8.000000e-02,
1790,1.200000e-01,
1791,8.000000e-02,
1792,1.200000e-01,
1793,1.200000e-01,
1794,1.200000e-01,
1795,8.000000e-02,
1796,8.000000e-02,
1797,1.200000e-01,
1798,8.000000e-02,
1799,1.200000e-01,
1800,1.200000e-01,
1801,1.200000e-01,
1802,8.000000e-02,
1803,1.200000e-01,
1804,8.000000e-02,
1805,1.200000e-01,
1806,1.200000e-01,
1807,8.000000e-02,
1808,1.200000e-01,
1809,1.200000e-01,
1810,1.200000e-01,
1811,1.200000e-01,
1812,1.200000e-01,
1813,1.200000e-01,
1814,1.200000e-01,
1815,1.200000e-01,
1816,1.200000e-01,
1817,1.200000e-01,
1818,1.200000e-01,
1819,8.000000e-02,
1820,8.000000e-02,
1821,1.200000e-01,
1822,1.200000e-01,
1823,1.200000e-01,
1824,1.200000e-01,
1825,1.200000e-01,
1826,1.200000e-01,
1827,1.200000e-01,
1828,1.200000e-01,
1829,8.000000e-02,
1830,1.200000e-01,
1831,1.200000e-01,
1832,1.200000e-01,
1833,1.200000e-01,
1834,1.200000e-01,
1835,1.200000e-01,
1836,1.200000e-01,
1837,1.200000e-01,
1838,1.200000e-01,
1839,8.000000e-02,
1840,1.200000e-01,
1841,8.000000e-02,
1842,8.000000e-02,
1843,1.200000e-01,
1844,1.200000e-01,
1845,8.000000e-02,
1846,1.200000e-01,
1847,1.200000e-01,
1848,1.200000e-01,
1849,8.000000e-02,
1850,8.000000e-02,
1851,1.200000e-01,
1852,1.200000e-01,
1853,1.200000e-01,
1854,1.200000e-01,
1855,1.200000e-01,
1856,1.200000e-01,
1857,1.200000e-01,
1858,8.000000e-02,
1859,1.200000e-01,
1860,8.000000e-02,
1861,1.200000e-01,
1862,1.200000e-01,
1863,1.200000e-01,
1864,8.000000e-02,
1865,1.200000e-01,
1866,1.200000e-01,
1867,1.200000e-01,
1868,1.200000e-01,
1869,8.000000e-02,
1870,1.200000e-01,
1871,1.200000e-01,
1872,1.200000e-01,
1873,8.000000e-02,
1874,1.200000e-01,
1875,8.000000e-02,
1876,1.200000e-01,
1877,1.200000e-01,
1878,1.200000e-01,
1879,1.200000e-01,
1880,1.200000e-01,
1881,8.000000e-02,
1882,1.200000e-01,
1883,8.000000e-02,
1884,1.200000e-01,
1885,8.000000e-02,
1886,1.200000e-01,
1887,1.200000e-01,
1888,1.200000e-01,
1889,1.200000e-01,
1890,1.200000e-01,
1891,1.200000e-01,
1892,1.200000e-01,
1893,1.200000e-01,
1894,1.200000e-01,
1895,8.000000e-02,
1896,1.200000e-01,
1897,1.200000e-01,
1898,1.200000e-01,
1899,1.200000e-01,
1900,1.200000e-01,
1901,1.200000e-01,
1902,8.000000e-02,
1903,1.200000e-01,
1904,1.200000e-01,
1905,8.000000e-02,
1906,1.200000e-01,
1907,1.200000e-01,
1908,1.200000e-01,
1909,1.200000e-01,
1910,1.200000e-01,
1911,8.000000e-02,
1912,8.000000e-02,
1913,1.200000e-01,
1914,1.200000e-01,
1915,1.200000e-01,
1916,1.200000e-01,
1917,1.200000e-01,
1918,1.200000e-01,
1919,8.000000e-02,
1920,1.200000e-01,
1921,1.200000e-01,
1922,1.200000e-01,
1923,1.200000e-01,
1924,1.200000e-01,
1925,8.000000e-02,
1926,1.200000e-01,
1927,1.200000e-01,
1928,1.200000e-01,
1929,8.000000e-02,
1930,1.200000e-01,
1931,1.200000e-01,
1932,1.200000e-01,
1933,1.200000e-01,
1934,1.200000e-01,
1935,8.000000e-02,
1936,1.200000e-01,
1937,8.000000e-02,
1938,1.200000e-01,
1939,1.200000e-01,
1940,1.200000e-01,
1941,1.200000e-01,
1942,1.200000e-01,
1943,1.200000e-01,
1944,1.200000e-01,
1945,1.200000e-01,
1946,1.200000e-01,
1947,1.200000e-01,
1948,1.200000e-01,
1949,8.000000e-02,
1950,1.200000e-01,
1951,1.200000e-01,
1952,8.000000e-02,
1953,1.200000e-01,
1954,1.200000e-01,
1955,1.200000e-01,
1956,1.200000e-01,
1957,1.200000e-01,
1958,1.200000e-01,
1959,1.200000e-01,
1960,1.200000e-01,
1961,1.200000e-01,
1962,1.200000e-01,
1963,1.200000e-01,
1964,1.200000e-01,
1965,8.000000e-02,
1966,1.200000e-01,
1967,1.200000e-01,
1968,1.200000e-01,
1969,1.200000e-01,
1970,8.000000e-02,
1971,1.200000e-01,
1972,1.200000e-01,
1973,8.000000e-02,
1974,1.200000e-01,
1975,8.000000e-02,
1976,1.200000e-01,
1977,1.200000e-01,
1978,1.200000e-01,
1979,1.200000e-01,
1980,1.200000e-01,
1981,1.200000e-01,
1982,1.200000e-01,
1983,1.200000e-01,
1984,1.200000e-01,
1985,8.000000e-02,
1986,1.200000e-01,
1987,1.200000e-01,
1988,1.600000e-01,
1989,1.200000e-01,
1990,1.200000e-01,
1991,1.200000e-01,
1992,1.200000e-01,
1993,8.000000e-02,
1994,1.200000e-01,
1995,1.200000e-01,
1996,1.200000e-01,
1997,1.200000e-01,
1998,1.200000e-01,
1999,1.200000e-01,
2000,8.000000e-02,
2001,1.200000e-01,
2002,1.200000e-01,
2003,1.200000e-01,
2004,1.200000e-01,
2005,8.000000e-02,
2006,1.200000e-01,
2007,1.200000e-01,
2008,1.200000e-01,
2009,1.200000e-01,
2010,1.600000e-01,
2011,1.200000e-01,
2012,1.200000e-01,
2013,1.200000e-01,
2014,1.200000e-01,
2015,1.200000e-01,
2016,1.200000e-01,
2017,1.200000e-01,
2018,1.200000e-01,
2019,1.200000e-01,
2020,1.200000e-01,
2021,1.200000e-01,
2022,1.200000e-01,
2023,1.200000e-01,
2024,1.600000e-01,
2025,1.200000e-01,
2026,1.200000e-01,
2027,1.200000e-01,
2028,1.200000e-01,
2029,1.200000e-01,
2030,1.200000e-01,
2031,1.600000e-01,
2032,1.200000e-01,
2033,1.200000e-01,
2034,1.200000e-01,
2035,1.200000e-01,
2036,1.200000e-01,
2037,1.200000e-01,
2038,1.200000e-01,
2039,1.200000e-01,
2040,1.200000e-01,
2041,1.200000e-01,
2042,1.600000e-01,
2043,1.200000e-01,
2044,1.200000e-01,
2045,1.200000e-01,
2046,1.200000e-01,
2047,1.200000e-01,
2048,1.600000e-01,
2049,1.200000e-01,
2050,1.200000e-01,
2051,1.200000e-01,
2052,1.200000e-01,
2053,1.200000e-01,
2054,1.200000e-01,
2055,1.200000e-01,
2056,1.200000e-01,
2057,1.200000e-01,
2058,1.200000e-01,
2059,1.200000e-01,
2060,1.200000e-01,
2061,1.200000e-01,
2062,1.200000e-01,
2063,1.200000e-01,
2064,1.200000e-01,
2065,1.200000e-01,
2066,1.200000e-01,
2067,1.200000e-01,
2068,1.200000e-01,
2069,1.200000e-01,
2070,1.200000e-01,
2071,1.200000e-01,
2072,1.200000e-01,
2073,8.000000e-02,
2074,1.600000e-01,
2075,1.200000e-01,
2076,1.200000e-01,
2077,1.200000e-01,
2078,1.200000e-01,
2079,1.200000e-01,
2080,1.200000e-01,
2081,1.200000e-01,
2082,1.200000e-01,
2083,1.600000e-01,
2084,1.200000e-01,
2085,1.200000e-01,
2086,1.200000e-01,
2087,1.200000e-01,
2088,1.200000e-01,
2089,1.200000e-01,
2090,1.200000e-01,
2091,1.200000e-01,
2092,1.200000e-01,
2093,1.200000e-01,
2094,1.200000e-01,
2095,1.200000e-01,
2096,1.200000e-01,
2097,1.200000e-01,
2098,1.200000e-01,
2099,1.200000e-01,
2100,8.000000e-02,
2101,1.200000e-01,
2102,1.200000e-01,
2103,1.200000e-01,
2104,1.200000e-01,
2105,1.200000e-01,
2106,1.200000e-01,
2107,1.200000e-01,
2108,1.200000e-01,
2109,1.200000e-01,
2110,1.600000e-01,
2111,1.200000e-01,
2112,1.200000e-01,
2113,1.200000e-01,
2114,1.200000e-01,
2115,1.200000e-01,
2116,1.600000e-01,
2117,1.200000e-01,
2118,1.200000e-01,
2119,1.200000e-01,
2120,1.200000e-01,
2121,1.200000e-01,
2122,1.600000e-01,
2123,1.600000e-01,
2124,1.200000e-01,
2125,1.200000e-01,
2126,1.200000e-01,
2127,1.200000e-01,
2128,1.200000e-01,
2129,1.200000e-01,
2130,1.200000e-01,
2131,1.200000e-01,
2132,1.200000e-01,
2133,1.200000e-01,
2134,1.200000e-01,
2135,1.200000e-01,
2136,1.200000e-01,
2137,1.200000e-01,
2138,1.200000e-01,
2139,1.600000e-01,
2140,1.200000e-01,
2141,1.200000e-01,
2142,1.200000e-01,
2143,1.200000e-01,
2144,1.200000e-01,
2145,1.200000e-01,
2146,1.600000e-01,
2147,1.200000e-01,
2148,1.200000e-01,
2149,1.200000e-01,
2150,1.200000e-01,
2151,1.200000e-01,
2152,1.600000e-01,
2153,1.200000e-01,
2154,1.600000e-01,
2155,1.200000e-01,
2156,1.200000e-01,
2157,1.200000e-01,
2158,1.200000e-01,
2159,1.200000e-01,
2160,1.200000e-01,
2161,1.200000e-01,
2162,1.200000e-01,
2163,1.200000e-01,
2164,1.600000e-01,
2165,1.200000e-01,
2166,1.200000e-01,
2167,1.200000e-01,
2168,1.200000e-01,
2169,1.200000e-01,
2170,1.200000e-01,
2171,1.200000e-01,
2172,1.600000e-01,
2173,1.200000e-01,
2174,1.600000e-01,
2175,1.200000e-01,
2176,1.200000e-01,
2177,1.200000e-01,
2178,1.200000e-01,
2179,1.200000e-01,
2180,1.200000e-01,
2181,1.200000e-01,
2182,1.600000e-01,
2183,1.200000e-01,
2184,1.200000e-01,
2185,1.200000e-01,
2186,1.200000e-01,
2187,1.200000e-01,
2188,1.600000e-01,
2189,1.200000e-01,
2190,1.200000e-01,
2191,1.200000e-01,
2192,1.600000e-01,
2193,1.200000e-01,
2194,1.200000e-01,
2195,1.200000e-01,
2196,1.600000e-01,
2197,1.200000e-01,
2198,1.600000e-01,
2199,1.200000e-01,
2200,1.200000e-01,
2201,1.600000e-01,
2202,1.200000e-01,
2203,1.200000e-01,
2204,1.200000e-01,
2205,1.200000e-01,
2206,1.200000e-01,
2207,1.200000e-01,
2208,1.200000e-01,
2209,1.200000e-01,
2210,1.600000e-01,
2211,1.200000e-01,
2212,1.200000e-01,
2213,1.200000e-01,
2214,1.200000e-01,
2215,1.200000e-01,
2216,1.200000e-01,
2217,1.200000e-01,
2218,1.200000e-01,
2219,1.600000e-01,
2220,1.200000e-01,
2221,1.200000e-01,
2222,1.200000e-01,
2223,1.200000e-01,
2224,1.200000e-01,
2225,1.600000e-01,
2226,1.600000e-01,
2227,1.200000e-01,
2228,1.600000e-01,
2229,1.200000e-01,
2230,1.200000e-01,
2231,1.200000e-01,
2232,1.200000e-01,
2233,1.200000e-01,
2234,1.600000e-01,
2235,1.200000e-01,
2236,1.200000e-01,
2237,1.200000e-01,
2238,1.600000e-01,
2239,1.200000e-01,
2240,1.200000e-01,
2241,1.600000e-01,
2242,1.200000e-01,
2243,1.200000e-01,
2244,1.200000e-01,
2245,1.600000e-01,
2246,1.600000e-01,
2247,1.200000e-01,
2248,1.200000e-01,
2249,8.000000e-02,
2250,1.600000e-01,
2251,1.200000e-01,
2252,1.200000e-01,
2253,1.600000e-01,
2254,1.600000e-01,
2255,1.200000e-01,
2256,1.200000e-01,
2257,1.200000e-01,
2258,1.200000e-01,
2259,1.200000e-01,
2260,1.600000e-01,
2261,1.200000e-01,
2262,1.200000e-01,
2263,1.200000e-01,
2264,1.600000e-01,
2265,1.600000e-01,
2266,1.600000e-01,
2267,1.200000e-01,
2268,1.200000e-01,
2269,1.200000e-01,
2270,1.600000e-01,
2271,1.200000e-01,
2272,1.600000e-01,
2273,1.200000e-01,
2274,1.200000e-01,
2275,1.200000e-01,
2276,1.200000e-01,
2277,1.600000e-01,
2278,1.600000e-01,
2279,1.200000e-01,
2280,1.600000e-01,
2281,1.200000e-01,
2282,1.200000e-01,
2283,1.200000e-01,
2284,1.600000e-01,
2285,1.200000e-01,
2286,1.600000e-01,
2287,1.200000e-01,
2288,1.600000e-01,
2289,1.200000e-01,
2290,1.200000e-01,
2291,1.200000e-01,
2292,1.200000e-01,
2293,1.200000e-01,
2294,1.200000e-01,
2295,1.200000e-01,
2296,1.600000e-01,
2297,1.200000e-01,
2298,1.200000e-01,
2299,1.600000e-01,
2300,1.200000e-01,
2301,1.200000e-01,
2302,1.600000e-01,
2303,1.200000e-01,
2304,1.200000e-01,
2305,1.200000e-01,
2306,1.200000e-01,
2307,1.200000e-01,
2308,1.200000e-01,
2309,1.200000e-01,
2310,1.200000e-01,
2311,1.600000e-01,
2312,1.600000e-01,
2313,1.200000e-01,
2314,1.600000e-01,
2315,1.200000e-01,
2316,1.200000e-01,
2317,1.200000e-01,
2318,1.600000e-01,
2319,1.200000e-01,
2320,1.600000e-01,
2321,1.200000e-01,
2322,1.600000e-01,
2323,1.200000e-01,
2324,1.600000e-01,
2325,1.200000e-01,
2326,1.200000e-01,
2327,1.200000e-01,
2328,1.200000e-01,
2329,1.200000e-01,
2330,1.200000e-01,
2331,1.200000e-01,
2332,1.200000e-01,
2333,1.200000e-01,
2334,1.200000e-01,
2335,1.200000e-01,
2336,1.200000e-01,
2337,1.200000e-01,
2338,1.600000e-01,
2339,1.200000e-01,
2340,1.200000e-01,
2341,1.200000e-01,
2342,1.200000e-01,
2343,1.200000e-01,
2344,1.200000e-01,
2345,1.200000e-01,
2346,1.600000e-01,
2347,1.200000e-01,
2348,1.600000e-01,
2349,1.600000e-01,
2350,1.200000e-01,
2351,1.200000e-01,
2352,1.600000e-01,
2353,1.600000e-01,
2354,1.600000e-01,
2355,1.600000e-01,
2356,1.200000e-01,
2357,1.200000e-01,
2358,1.200000e-01,
2359,1.600000e-01,
2360,1.600000e-01,
2361,1.200000e-01,
2362,1.600000e-01,
2363,1.200000e-01,
2364,1.600000e-01,
2365,1.200000e-01,
2366,1.600000e-01,
2367,1.200000e-01,
2368,1.600000e-01,
2369,1.200000e-01,
2370,1.600000e-01,
2371,1.200000e-01,
2372,1.600000e-01,
2373,1.200000e-01,
2374,1.200000e-01,
2375,1.600000e-01,
2376,1.200000e-01,
2377,1.600000e-01,
2378,1.600000e-01,
2379,1.200000e-01,
2380,1.600000e-01,
2381,1.200000e-01,
2382,1.200000e-01,
2383,1.600000e-01,
2384,1.600000e-01,
2385,1.600000e-01,
2386,1.600000e-01,
2387,1.600000e-01,
2388,1.600000e-01,
2389,2.000000e-01,
2390,2.000000e-01,
2391,2.000000e-01,
2392,2.000000e-01,
2393,2.400000e-01,
2394,2.800000e-01,
2395,2.800000e-01,
2396,2.800000e-01,
2397,3.200000e-01,
2398,3.200000e-01,
2399,3.200000e-01,
2400,3.600000e-01,
2401,3.600000e-01,
2402,4.000000e-01,
2403,4.000000e-01,
2404,4.000000e-01,
2405,4.000000e-01,
2406,4.400000e-01,
2407,4.800000e-01,
2408,4.800000e-01,
2409,4.800000e-01,
2410,5.200000e-01,
2411,5.200000e-01,
2412,5.200000e-01,
2413,5.200000e-01,
2414,5.600000e-01,
2415,5.600000e-01,
2416,5.600000e-01,
2417,5.600000e-01,
2418,5.600000e-01,
2419,6.000000e-01,
2420,6.000000e-01,
2421,6.000000e-01,
2422,6.000000e-01,
2423,6.000000e-01,
2424,6.000000e-01,
2425,6.400000e-01,
2426,6.400000e-01,
2427,6.400000e-01,
2428,6.400000e-01,
2429,6.800000e-01,
2430,6.400000e-01,
2431,6.400000e-01,
2432,6.800000e-01,
2433,6.800000e-01,
2434,6.800000e-01,
2435,6.800000e-01,
2436,6.800000e-01,
2437,6.800000e-01,
2438,6.800000e-01,
2439,6.800000e-01,
2440,7.200000e-01,
2441,7.200000e-01,
2442,6.800000e-01,
2443,7.200000e-01,
2444,7.200000e-01,
2445,7.200000e-01,
2446,6.800000e-01,
2447,7.200000e-01,
2448,7.200000e-01,
2449,7.600000e-01,
2450,7.600000e-01,
2451,7.600000e-01,
2452,7.600000e-01,
2453,7.200000e-01,
2454,7.600000e-01,
2455,7.200000e-01,
2456,7.600000e-01,
2457,7.600000e-01,
2458,7.600000e-01,
2459,7.600000e-01,
2460,7.600000e-01,
2461,8.000000e-01,
2462,8.000000e-01,
2463,7.600000e-01,
2464,8.000000e-01,
2465,8.000000e-01,
2466,8.000000e-01,
2467,8.000000e-01,
2468,8.000000e-01,
2469,8.000000e-01,
2470,8.400000e-01,
2471,8.000000e-01,
2472,8.400000e-01,
2473,8.000000e-01,
2474,8.000000e-01,
2475,8.000000e-01,
2476,8.000000e-01,
2477,8.000000e-01,
2478,8.000000e-01,
2479,8.000000e-01,
2480,8.400000e-01,
2481,8.000000e-01,
2482,8.400000e-01,
2483,8.400000e-01,
2484,8.400000e-01,
2485,8.000000e-01,
2486,8.400000e-01,
2487,8.000000e-01,
2488,8.400000e-01,
2489,8.400000e-01,
2490,8.400000e-01,
2491,8.400000e-01,
2492,8.400000e-01,
2493,8.400000e-01,
2494,8.400000e-01,
2495,8.400000e-01,
2496,8.400000e-01,
2497,8.400000e-01,
2498,8.400000e-01,
2499,8.400000e-01,
2500,8.400000e-01,
2501,8.400000e-01,
2502,8.800000e-01,
2503,8.400000e-01,
2504,8.400000e-01,
2505,8.400000e-01,
2506,8.800000e-01,
2507,8.400000e-01,
2508,8.800000e-01,
2509,8.400000e-01,
2510,8.800000e-01,
2511,8.400000e-01,
2512,8.800000e-01,
2513,8.800000e-01,
2514,8.800000e-01,
2515,8.800000e-01,
2516,8.800000e-01,
2517,8.800000e-01,
2518,8.800000e-01,
2519,8.800000e-01,
2520,8.800000e-01,
2521,8.800000e-01,
2522,8.800000e-01,
2523,8.800000e-01,
2524,8.800000e-01,
2525,8.800000e-01,
2526,8.800000e-01,
2527,8.800000e-01,
2528,8.800000e-01,
2529,9.200000e-01,
2530,8.800000e-01,
2531,8.800000e-01,
2532,8.800000e-01,
2533,9.200000e-01,
2534,9.600000e-01,
2535,8.800000e-01,
2536,9.200000e-01,
2537,9.200000e-01,
2538,8.800000e-01,
2539,8.800000e-01,
2540,9.200000e-01,
2541,8.800000e-01,
2542,9.200000e-01,
2543,9.200000e-01,
2544,9.200000e-01,
2545,9.200000e-01,
2546,9.200000e-01,
2547,9.200000e-01,
2548,9.200000e-01,
2549,9.200000e-01,
2550,9.600000e-01,
2551,9.200000e-01,
2552,9.200000e-01,
2553,9.200000e-01,
2554,9.600000e-01,
2555,9.200000e-01,
2556,9.600000e-01,
2557,9.200000e-01,
2558,9.600000e-01,
2559,9.200000e-01,
2560,9.200000e-01,
2561,9.600000e-01,
2562,9.600000e-01,
2563,9.200000e-01,
2564,9.200000e-01,
2565,9.200000e-01,
2566,9.600000e-01,
2567,9.200000e-01,
2568,9.600000e-01,
2569,9.200000e-01,
2570,9.200000e-01,
2571,9.600000e-01,
2572,9.200000e-01,
2573,9.600000e-01,
2574,9.200000e-01,
2575,9.600000e-01,
2576,9.600000e-01,
2577,9.600000e-01,
2578,9.200000e-01,
2579,9.600000e-01,
2580,9.600000e-01,
2581,9.600000e-01,
2582,9.200000e-01,
2583,9.600000e-01,
2584,9.600000e-01,
2585,9.600000e-01,
2586,9.600000e-01,
2587,9.600000e-01,
2588,9.200000e-01,
2589,9.600000e-01,
2590,9.200000e-01,
2591,9.600000e-01,
2592,9.600000e-01,
2593,9.600000e-01,
2594,9.600000e-01,
2595,9.200000e-01,
2596,9.600000e-01,
2597,9.600000e-01,
2598,9.600000e-01,
2599,9.600000e-01,
2600,9.600000e-01,
2601,9.600000e-01,
2602,9.600000e-01,
2603,9.200000e-01,
2604,9.600000e-01,
2605,9.200000e-01,
2606,9.600000e-01,
2607,9.600000e-01,
2608,9.600000e-01,
2609,9.600000e-01,
2610,9.600000e-01,
2611,9.600000e-01,
2612,9.600000e-01,
2613,9.200000e-01,
2614,9.600000e-01,
2615,9.600000e-01,
2616,9.600000e-01,
2617,9.600000e-01,
2618,9.600000e-01,
2619,9.600000e-01,
2620,9.600000e-01,
2621,9.600000e-01,
2622,9.600000e-01,
2623,9.600000e-01,
2624,9.600000e-01,
2625,9.600000e-01,
2626,1.000000e+00,
2627,1.000000e+00,
2628,9.600000e-01,
2629,9.600000e-01,
2630,9.600000e-01,
2631,1.000000e+00,
2632,9.600000e-01,
2633,9.600000e-01,
2634,1.000000e+00,
2635,9.600000e-01,
2636,9.600000e-01,
2637,9.600000e-01,
2638,1.000000e+00,
2639,9.600000e-01,
2640,9.600000e-01,
2641,9.600000e-01,
2642,9.600000e-01,
2643,1.000000e+00,
2644,9.600000e-01,
2645,9.600000e-01,
2646,9.600000e-01,
2647,1.000000e+00,
2648,1.000000e+00,
2649,1.000000e+00,
2650,9.600000e-01,
2651,9.600000e-01,
2652,1.000000e+00,
2653,9.600000e-01,
2654,1.000000e+00,
2655,9.600000e-01,
2656,9.600000e-01,
2657,1.000000e+00,
2658,1.000000e+00,
2659,9.600000e-01,
2660,1.000000e+00,
2661,9.600000e-01,
2662,9.600000e-01,
2663,1.000000e+00,
2664,1.000000e+00,
2665,9.600000e-01,
2666,1.000000e+00,
2667,9.600000e-01,
2668,1.000000e+00,
2669,1.000000e+00,
2670,9.600000e-01,
2671,1.000000e+00,
2672,9.600000e-01,
2673,1.000000e+00,
2674,1.000000e+00,
2675,1.000000e+00,
2676,1.000000e+00,
2677,1.000000e+00,
2678,1.000000e+00,
2679,9.600000e-01,
2680,1.000000e+00,
2681,9.600000e-01,
2682,1.000000e+00,
2683,1.000000e+00,
2684,1.000000e+00,
2685,1.000000e+00,
2686,1.000000e+00,
2687,1.000000e+00,
2688,1.000000e+00,
2689,1.000000e+00,
2690,1.000000e+00,
2691,9.600000e-01,
2692,1.000000e+00,
2693,1.000000e+00,
2694,1.000000e+00,
2695,9.600000e-01,
2696,1.000000e+00,
2697,1.000000e+00,
2698,1.000000e+00,
2699,9.600000e-01,
2700,1.000000e+00,
2701,1.000000e+00,
2702,1.000000e+00,
2703,1.000000e+00,
2704,1.000000e+00,
2705,9.600000e-01,
2706,1.040000e+00,
2707,1.000000e+00,
2708,1.000000e+00,
2709,1.000000e+00,
2710,1.000000e+00,
2711,1.000000e+00,
2712,1.000000e+00,
2713,1.000000e+00,
2714,1.000000e+00,
2715,1.000000e+00,
2716,1.000000e+00,
2717,1.000000e+00,
2718,1.000000e+00,
2719,1.000000e+00,
2720,1.000000e+00,
2721,1.000000e+00,
2722,1.000000e+00,
2723,1.000000e+00,
2724,1.000000e+00,
2725,1.000000e+00,
2726,1.000000e+00,
2727,1.000000e+00,
2728,1.000000e+00,
2729,1.000000e+00,
2730,1.000000e+00,
2731,1.000000e+00,
2732,1.000000e+00,
2733,1.000000e+00,
2734,1.040000e+00,
2735,1.000000e+00,
2736,1.000000e+00,
2737,1.000000e+00,
2738,1.000000e+00,
2739,1.000000e+00,
2740,1.000000e+00,
2741,1.000000e+00,
2742,1.040000e+00,
2743,1.000000e+00,
2744,1.000000e+00,
2745,1.000000e+00,
2746,1.000000e+00,
2747,1.000000e+00,
2748,1.000000e+00,
2749,1.000000e+00,
2750,1.000000e+00,
2751,1.000000e+00,
2752,1.000000e+00,
2753,1.000000e+00,
2754,1.000000e+00,
2755,1.000000e+00,
2756,1.000000e+00,
2757,1.000000e+00,
2758,1.000000e+00,
2759,1.000000e+00,
2760,1.000000e+00,
2761,1.000000e+00,
2762,1.000000e+00,
2763,1.000000e+00,
2764,1.040000e+00,
2765,1.000000e+00,
2766,1.000000e+00,
2767,1.000000e+00,
2768,1.000000e+00,
2769,1.000000e+00,
2770,1.000000e+00,
2771,1.000000e+00,
2772,1.000000e+00,
2773,1.040000e+00,
2774,1.000000e+00,
2775,1.000000e+00,
2776,1.000000e+00,
2777,1.040000e+00,
2778,1.000000e+00,
2779,1.000000e+00,
2780,1.000000e+00,
2781,1.000000e+00,
2782,1.000000e+00,
2783,1.000000e+00,
2784,1.000000e+00,
2785,1.040000e+00,
2786,1.000000e+00,
2787,1.000000e+00,
2788,1.000000e+00,
2789,1.040000e+00,
2790,1.000000e+00,
2791,1.040000e+00,
2792,1.040000e+00,
2793,1.000000e+00,
2794,1.040000e+00,
2795,1.000000e+00,
2796,1.000000e+00,
2797,1.000000e+00,
2798,1.040000e+00,
2799,1.000000e+00,
